condition,phase,family,metric_horizon,alpha,c_upd,seed,update,update_u,update_counter,opt_step,energy_E_pre,energy_E_raw,energy_E_post,funding_z,funding_g,funding_income,support_s,debt_charge,debt_level_pre,debt_level_post,episode_return_end_mean,episode_len_end_mean,terminal_min_dists_end_mean,terminal_dbar_end,terminal_occupied_end_mean,terminal_CSR_train,terminal_done_count_end,vartd_VarTD,actor_loss,critic_loss,entropy,total_loss,ratio0,eval_return_end_mean_cp,eval_csr_cp,eval_dbar_end_cp,eval_checkpoint_flag
anchor_enabled_full__base__t1m__a1p00__c0p90,reproduce_baseline,base,full,1.0,0.9,54,0,1.0,1,16,1.0,0.19297701,0.19297701,1.0316244,0.092976995,0.092976995,0.0,0.0,0.0,0.0,-27.154165,26.0,2.269619,0.7565397,0.17,0.0,100,0.1458518,-0.0005117337,51.6522,1.6093417,25.809494,1.0,,,,0
anchor_enabled_full__base__t1m__a1p00__c0p90,reproduce_baseline,base,full,1.0,0.9,54,1,0.0,1,16,0.19297701,0.2948453,0.2948453,0.9919609,0.10186831,0.10186831,0.0,0.0,0.0,0.0,-27.146132,26.000002,2.1823575,0.7274525,0.18400002,0.0,125,0.15669166,,,,,,,,,0
anchor_enabled_full__base__t1m__a1p00__c0p90,reproduce_baseline,base,full,1.0,0.9,54,2,0.0,1,16,0.2948453,0.39384842,0.39384842,1.0043511,0.09900312,0.09900312,0.0,0.0,0.0,0.0,-26.81917,26.000002,2.2096167,0.7365389,0.18400002,0.0,125,0.15289995,,,,,,,,,0
anchor_enabled_full__base__t1m__a1p00__c0p90,reproduce_baseline,base,full,1.0,0.9,54,3,0.0,1,16,0.39384842,0.48023766,0.48023766,1.0635402,0.08638926,0.08638926,0.0,0.0,0.0,0.0,-27.830223,26.000002,2.3398352,0.7799451,0.16000001,0.0,125,0.1576874,,,,,,,,,0
anchor_enabled_full__base__t1m__a1p00__c0p90,reproduce_baseline,base,full,1.0,0.9,54,4,0.0,1,16,0.48023766,0.5735574,0.5735574,1.0300264,0.09331974,0.09331974,0.0,0.0,0.0,0.0,-27.17314,26.000002,2.2661035,0.7553679,0.16800001,0.0,125,0.15459773,,,,,,,,,0
anchor_enabled_full__base__t1m__a1p00__c0p90,reproduce_baseline,base,full,1.0,0.9,54,5,0.0,1,16,0.5735574,0.6667888,0.6667888,1.0304375,0.09323147,0.09323147,0.0,0.0,0.0,0.0,-27.639652,26.000002,2.2670078,0.7556693,0.14400001,0.0,125,0.14563622,,,,,,,,,0
anchor_enabled_full__base__t1m__a1p00__c0p90,reproduce_baseline,base,full,1.0,0.9,54,6,0.0,1,16,0.6667888,0.75530326,0.75530326,1.0529857,0.08851448,0.08851448,0.0,0.0,0.0,0.0,-26.774103,26.000002,2.3166146,0.7722049,0.14400001,0.0,125,0.13565944,,,,,,,,,0
anchor_enabled_full__base__t1m__a1p00__c0p90,reproduce_baseline,base,full,1.0,0.9,54,7,0.0,1,16,0.75530326,0.8537922,0.8537922,1.0066125,0.09848894,0.09848894,0.0,0.0,0.0,0.0,-26.156387,26.000002,2.2145917,0.73819727,0.192,0.0,125,0.14010674,,,,,,,,,0
anchor_enabled_full__base__t1m__a1p00__c0p90,reproduce_baseline,base,full,1.0,0.9,54,8,0.0,1,16,0.8537922,0.94248426,0.94248426,1.0521152,0.08869208,0.08869208,0.0,0.0,0.0,0.0,-27.595798,26.000002,2.3146996,0.77156657,0.136,0.0,125,0.13989456,,,,,,,,,0
anchor_enabled_full__base__t1m__a1p00__c0p90,reproduce_baseline,base,full,1.0,0.9,54,9,1.0,2,32,0.94248426,0.13350168,0.13350168,1.0408756,0.091017395,0.091017395,0.0,0.0,0.0,0.0,-28.226757,26.000002,2.2899718,0.76332396,0.16000001,0.0,125,0.14430937,-0.0005830697,52.67862,1.6088672,26.32264,1.0,,,,0
anchor_enabled_full__base__t1m__a1p00__c0p90,reproduce_baseline,base,full,1.0,0.9,54,10,0.0,2,32,0.13350168,0.22470474,0.22470474,1.0399905,0.09120307,0.09120307,0.0,0.0,0.0,0.0,-27.329428,26.000002,2.288025,0.762675,0.17600001,0.008,125,0.15116496,,,,,,,,,0
anchor_enabled_full__base__t1m__a1p00__c0p90,reproduce_baseline,base,full,1.0,0.9,54,11,0.0,2,32,0.22470474,0.31344092,0.31344092,1.0518993,0.08873618,0.08873618,0.0,0.0,0.0,0.0,-27.30308,26.000002,2.3142247,0.77140826,0.080000006,0.0,125,0.18536092,,,,,,,,,0
anchor_enabled_full__base__t1m__a1p00__c0p90,reproduce_baseline,base,full,1.0,0.9,54,12,0.0,2,32,0.31344092,0.40674767,0.40674767,1.030087,0.09330674,0.09330674,0.0,0.0,0.0,0.0,-26.946829,26.000002,2.2662365,0.7554122,0.192,0.0,125,0.13067937,,,,,,,,,0
anchor_enabled_full__base__t1m__a1p00__c0p90,reproduce_baseline,base,full,1.0,0.9,54,13,0.0,2,32,0.40674767,0.5022363,0.5022363,1.0200484,0.09548862,0.09548862,0.0,0.0,0.0,0.0,-27.185429,26.0,2.2441514,0.74805045,0.17,0.0,100,0.14338993,,,,,,,,,0
anchor_enabled_full__base__t1m__a1p00__c0p90,reproduce_baseline,base,full,1.0,0.9,54,14,0.0,2,32,0.5022363,0.6071388,0.6071388,0.9792142,0.10490248,0.10490248,0.0,0.0,0.0,0.0,-26.776936,26.000002,2.1543143,0.7181048,0.16000001,0.0,125,0.1308729,,,,,,,,,0
anchor_enabled_full__base__t1m__a1p00__c0p90,reproduce_baseline,base,full,1.0,0.9,54,15,0.0,2,32,0.6071388,0.718298,0.718298,0.9540546,0.1111592,0.1111592,0.0,0.0,0.0,0.0,-26.75204,26.000002,2.098962,0.69965404,0.17600001,0.0,125,0.13006136,,,,,,,,,0
anchor_enabled_full__base__t1m__a1p00__c0p90,reproduce_baseline,base,full,1.0,0.9,54,16,0.0,2,32,0.718298,0.8265133,0.8265133,0.9657114,0.10821527,0.10821527,0.0,0.0,0.0,0.0,-26.218641,26.000002,2.1246076,0.70820254,0.17600001,0.0,125,0.1343793,,,,,,,,,0
anchor_enabled_full__base__t1m__a1p00__c0p90,reproduce_baseline,base,full,1.0,0.9,54,17,0.0,2,32,0.8265133,0.9184502,0.9184502,1.0365102,0.091936894,0.091936894,0.0,0.0,0.0,0.0,-26.90148,26.000002,2.280368,0.7601227,0.18400002,0.008,125,0.13606563,,,,,,,,,0
anchor_enabled_full__base__t1m__a1p00__c0p90,reproduce_baseline,base,full,1.0,0.9,54,18,1.0,3,48,0.9184502,0.11549823,0.11549823,1.0130132,0.09704803,0.09704803,0.0,0.0,0.0,0.0,-27.607395,26.000002,2.2286737,0.74289125,0.16000001,0.0,125,0.1248523,-0.00037919724,47.931038,1.6081345,23.949059,1.0,,,,0
anchor_enabled_full__base__t1m__a1p00__c0p90,reproduce_baseline,base,full,1.0,0.9,54,19,0.0,3,48,0.11549823,0.22233248,0.22233248,0.97128946,0.106834255,0.106834255,0.0,0.0,0.0,0.0,-26.103802,26.000002,2.1368794,0.71229315,0.17600001,0.0,125,0.11356006,,,,,,-22.151371,0.01,0.49825895,1
anchor_enabled_full__base__t1m__a1p00__c0p90,reproduce_baseline,base,full,1.0,0.9,54,20,0.0,3,48,0.22233248,0.3225746,0.3225746,0.99894977,0.100242116,0.100242116,0.0,0.0,0.0,0.0,-26.580778,26.000002,2.1977334,0.7325778,0.192,0.0,125,0.14319998,,,,,,,,,0
anchor_enabled_full__base__t1m__a1p00__c0p90,reproduce_baseline,base,full,1.0,0.9,54,21,0.0,3,48,0.3225746,0.42742902,0.42742902,0.97941315,0.104854435,0.104854435,0.0,0.0,0.0,0.0,-26.279732,26.000002,2.154752,0.7182507,0.224,0.0,125,0.14234522,,,,,,,,,0
anchor_enabled_full__base__t1m__a1p00__c0p90,reproduce_baseline,base,full,1.0,0.9,54,22,0.0,3,48,0.42742902,0.5230367,0.5230367,1.019507,0.09560771,0.09560771,0.0,0.0,0.0,0.0,-26.595402,26.000002,2.2429602,0.7476534,0.128,0.0,125,0.14973006,,,,,,,,,0
anchor_enabled_full__base__t1m__a1p00__c0p90,reproduce_baseline,base,full,1.0,0.9,54,23,0.0,3,48,0.5230367,0.62069464,0.62069464,1.0102925,0.097657904,0.097657904,0.0,0.0,0.0,0.0,-27.031235,26.000002,2.222688,0.740896,0.2,0.0,125,0.14391229,,,,,,,,,0
anchor_enabled_full__base__t1m__a1p00__c0p90,reproduce_baseline,base,full,1.0,0.9,54,24,0.0,3,48,0.62069464,0.7342687,0.7342687,0.9447208,0.113574065,0.113574065,0.0,0.0,0.0,0.0,-25.406834,26.000002,2.0784273,0.6928091,0.17600001,0.0,125,0.13305339,,,,,,,,,0
anchor_enabled_full__base__t1m__a1p00__c0p90,reproduce_baseline,base,full,1.0,0.9,54,25,0.0,3,48,0.7342687,0.8245856,0.8245856,1.0442309,0.09031691,0.09031691,0.0,0.0,0.0,0.0,-28.304768,26.000002,2.297354,0.7657847,0.128,0.0,125,0.14887695,,,,,,,,,0
anchor_enabled_full__base__t1m__a1p00__c0p90,reproduce_baseline,base,full,1.0,0.9,54,26,0.0,3,48,0.8245856,0.9162126,0.9162126,1.0379765,0.09162701,0.09162701,0.0,0.0,0.0,0.0,-27.553795,26.0,2.283594,0.761198,0.14,0.0,100,0.12364612,,,,,,,,,0
anchor_enabled_full__base__t1m__a1p00__c0p90,reproduce_baseline,base,full,1.0,0.9,54,27,1.0,4,64,0.9162126,0.1171701,0.1171701,0.9958616,0.10095746,0.10095746,0.0,0.0,0.0,0.0,-27.163115,26.000002,2.1909392,0.73031306,0.216,0.0,125,0.14066844,-0.0006713691,49.550106,1.6071928,24.758308,1.0,,,,0
anchor_enabled_full__base__t1m__a1p00__c0p90,reproduce_baseline,base,full,1.0,0.9,54,28,0.0,4,64,0.1171701,0.21650547,0.21650547,1.0028961,0.09933536,0.09933536,0.0,0.0,0.0,0.0,-27.154215,26.000002,2.2064154,0.73547184,0.16800001,0.0,125,0.12415441,,,,,,,,,0
anchor_enabled_full__base__t1m__a1p00__c0p90,reproduce_baseline,base,full,1.0,0.9,54,29,0.0,4,64,0.21650547,0.32654014,0.32654014,0.95847046,0.110034674,0.110034674,0.0,0.0,0.0,0.0,-26.067793,26.000002,2.1086771,0.7028924,0.2,0.0,125,0.13719773,,,,,,,,,0
anchor_enabled_full__base__t1m__a1p00__c0p90,reproduce_baseline,base,full,1.0,0.9,54,30,0.0,4,64,0.32654014,0.42604455,0.42604455,1.0021577,0.09950441,0.09950441,0.0,0.0,0.0,0.0,-26.715769,26.000002,2.2047908,0.7349303,0.136,0.0,125,0.13768819,,,,,,,,,0
anchor_enabled_full__base__t1m__a1p00__c0p90,reproduce_baseline,base,full,1.0,0.9,54,31,0.0,4,64,0.42604455,0.5394047,0.5394047,0.94553953,0.11336016,0.11336016,0.0,0.0,0.0,0.0,-26.6281,26.000002,2.0802286,0.69340956,0.14400001,0.0,125,0.14873163,,,,,,,,,0
anchor_enabled_full__base__t1m__a1p00__c0p90,reproduce_baseline,base,full,1.0,0.9,54,32,0.0,4,64,0.5394047,0.6510215,0.6510215,0.9522704,0.111616805,0.111616805,0.0,0.0,0.0,0.0,-25.825794,26.000002,2.0950367,0.6983456,0.16000001,0.0,125,0.15429729,,,,,,,,,0
anchor_enabled_full__base__t1m__a1p00__c0p90,reproduce_baseline,base,full,1.0,0.9,54,33,0.0,4,64,0.6510215,0.75797904,0.75797904,0.97078836,0.10695758,0.10695758,0.0,0.0,0.0,0.0,-26.018547,26.000002,2.135777,0.7119257,0.14400001,0.0,125,0.12849349,,,,,,,,,0
anchor_enabled_full__base__t1m__a1p00__c0p90,reproduce_baseline,base,full,1.0,0.9,54,34,0.0,4,64,0.75797904,0.8569339,0.8569339,1.0045627,0.09895488,0.09895488,0.0,0.0,0.0,0.0,-26.891047,26.000002,2.210082,0.73669404,0.224,0.0,125,0.1372084,,,,,,,,,0
anchor_enabled_full__base__t1m__a1p00__c0p90,reproduce_baseline,base,full,1.0,0.9,54,35,0.0,4,64,0.8569339,0.96558046,0.96558046,0.9639839,0.10864658,0.10864658,0.0,0.0,0.0,0.0,-26.362356,26.000002,2.120807,0.70693564,0.192,0.0,125,0.14409876,,,,,,,,,0
anchor_enabled_full__base__t1m__a1p00__c0p90,reproduce_baseline,base,full,1.0,0.9,54,36,1.0,5,80,0.96558046,0.17833641,0.17833641,0.9478606,0.11275593,0.11275593,0.0,0.0,0.0,0.0,-25.781796,26.000002,2.085335,0.6951117,0.216,0.0,125,0.12924527,-0.00040267117,43.931717,1.606169,21.949394,1.0,,,,0
anchor_enabled_full__base__t1m__a1p00__c0p90,reproduce_baseline,base,full,1.0,0.9,54,37,0.0,5,80,0.17833641,0.290336,0.290336,0.9507835,0.11199959,0.11199959,0.0,0.0,0.0,0.0,-26.852367,26.000002,2.0917654,0.69725513,0.16800001,0.0,125,0.13167702,,,,,,,,,0
anchor_enabled_full__base__t1m__a1p00__c0p90,reproduce_baseline,base,full,1.0,0.9,54,38,0.0,5,80,0.290336,0.3976218,0.3976218,0.96945775,0.10728579,0.10728579,0.0,0.0,0.0,0.0,-25.783903,26.000002,2.1328497,0.7109499,0.23200001,0.0,125,0.13720246,,,,,,,,,0
anchor_enabled_full__base__t1m__a1p00__c0p90,reproduce_baseline,base,full,1.0,0.9,54,39,0.0,5,80,0.3976218,0.53125215,0.53125215,0.8740949,0.13363035,0.13363035,0.0,0.0,0.0,0.0,-24.88207,26.0,1.9230472,0.64101577,0.16,0.0,100,0.1310984,,,,,,-23.254013,0.01,0.50892824,1
anchor_enabled_full__base__t1m__a1p00__c0p90,reproduce_baseline,base,full,1.0,0.9,54,40,0.0,5,80,0.53125215,0.6321089,0.6321089,0.99629486,0.10085678,0.10085678,0.0,0.0,0.0,0.0,-26.769962,26.000002,2.1918924,0.7306308,0.16800001,0.0,125,0.146897,,,,,,,,,0
anchor_enabled_full__base__t1m__a1p00__c0p90,reproduce_baseline,base,full,1.0,0.9,54,41,0.0,5,80,0.6321089,0.73544544,0.73544544,0.9857462,0.1033365,0.1033365,0.0,0.0,0.0,0.0,-26.926073,26.000002,2.168685,0.722895,0.072000004,0.008,125,0.17084064,,,,,,,,,0
anchor_enabled_full__base__t1m__a1p00__c0p90,reproduce_baseline,base,full,1.0,0.9,54,42,0.0,5,80,0.73544544,0.84580344,0.84580344,0.95719606,0.110358015,0.110358015,0.0,0.0,0.0,0.0,-26.884378,26.000002,2.1058733,0.7019578,0.112,0.0,125,0.123607114,,,,,,,,,0
anchor_enabled_full__base__t1m__a1p00__c0p90,reproduce_baseline,base,full,1.0,0.9,54,43,0.0,5,80,0.84580344,0.96685946,0.96685946,0.91701365,0.12105601,0.12105601,0.0,0.0,0.0,0.0,-25.567173,26.000002,2.0174704,0.6724901,0.16800001,0.0,125,0.12594004,,,,,,,,,0
anchor_enabled_full__base__t1m__a1p00__c0p90,reproduce_baseline,base,full,1.0,0.9,54,44,1.0,6,96,0.96685946,0.17676409,0.17676409,0.95898414,0.1099046,0.1099046,0.0,0.0,0.0,0.0,-27.327103,26.000002,2.1098073,0.7032691,0.17600001,0.0,125,0.13936812,-0.00030596246,42.733086,1.6051016,21.350185,1.0,,,,0
anchor_enabled_full__base__t1m__a1p00__c0p90,reproduce_baseline,base,full,1.0,0.9,54,45,0.0,6,96,0.17676409,0.28788674,0.28788674,0.95419735,0.11112266,0.11112266,0.0,0.0,0.0,0.0,-25.965342,26.000002,2.099276,0.6997587,0.18400002,0.0,125,0.14711808,,,,,,,,,0
anchor_enabled_full__base__t1m__a1p00__c0p90,reproduce_baseline,base,full,1.0,0.9,54,46,0.0,6,96,0.28788674,0.41881675,0.41881675,0.8829608,0.13092999,0.13092999,0.0,0.0,0.0,0.0,-25.406479,26.000002,1.9425526,0.64751756,0.2,0.0,125,0.14396238,,,,,,,,,0
anchor_enabled_full__base__t1m__a1p00__c0p90,reproduce_baseline,base,full,1.0,0.9,54,47,0.0,6,96,0.41881675,0.5396145,0.5396145,0.9179411,0.120797776,0.120797776,0.0,0.0,0.0,0.0,-25.439318,26.000002,2.0195107,0.67317027,0.18400002,0.0,125,0.12458776,,,,,,,,,0
anchor_enabled_full__base__t1m__a1p00__c0p90,reproduce_baseline,base,full,1.0,0.9,54,48,0.0,6,96,0.5396145,0.64815086,0.64815086,0.96442467,0.10853636,0.10853636,0.0,0.0,0.0,0.0,-25.719122,26.000002,2.1217766,0.7072589,0.16000001,0.0,125,0.11055338,,,,,,,,,0
anchor_enabled_full__base__t1m__a1p00__c0p90,reproduce_baseline,base,full,1.0,0.9,54,49,0.0,6,96,0.64815086,0.76038784,0.76038784,0.9498641,0.11223698,0.11223698,0.0,0.0,0.0,0.0,-26.5399,26.000002,2.0897427,0.6965809,0.192,0.0,125,0.13518395,,,,,,,,,0
anchor_enabled_full__base__t1m__a1p00__c0p90,reproduce_baseline,base,full,1.0,0.9,54,50,0.0,6,96,0.76038784,0.8847256,0.8847256,0.905397,0.12433773,0.12433773,0.0,0.0,0.0,0.0,-25.875826,26.000002,1.9919132,0.66397107,0.2,0.0,125,0.15576509,,,,,,,,,0
anchor_enabled_full__base__t1m__a1p00__c0p90,reproduce_baseline,base,full,1.0,0.9,54,51,0.0,6,96,0.8847256,1.0142704,1.0,0.8875798,0.12954485,0.12954485,0.0,0.0,0.0,0.0,-24.424383,26.000002,1.9527146,0.6509049,0.216,0.0,125,0.122693926,,,,,,,,,0
anchor_enabled_full__base__t1m__a1p00__c0p90,reproduce_baseline,base,full,1.0,0.9,54,52,1.0,7,112,1.0,0.20530549,0.20530549,0.97754914,0.105305456,0.105305456,0.0,0.0,0.0,0.0,-27.118698,26.0,2.150651,0.71688366,0.14999999,0.0,100,0.1402337,-0.00051756494,49.207695,1.6040096,24.58729,1.0,,,,0
anchor_enabled_full__base__t1m__a1p00__c0p90,reproduce_baseline,base,full,1.0,0.9,54,53,0.0,7,112,0.20530549,0.3335434,0.3335434,0.8919835,0.1282379,0.1282379,0.0,0.0,0.0,0.0,-24.83161,26.000002,1.9624029,0.65413433,0.216,0.0,125,0.109620236,,,,,,,,,0
anchor_enabled_full__base__t1m__a1p00__c0p90,reproduce_baseline,base,full,1.0,0.9,54,54,0.0,7,112,0.3335434,0.45025313,0.45025313,0.9328929,0.11670974,0.11670974,0.0,0.0,0.0,0.0,-26.002102,26.000002,2.0524054,0.68413514,0.16800001,0.0,125,0.13937011,,,,,,,,,0
anchor_enabled_full__base__t1m__a1p00__c0p90,reproduce_baseline,base,full,1.0,0.9,54,55,0.0,7,112,0.45025313,0.57474947,0.57474947,0.90484333,0.12449637,0.12449637,0.0,0.0,0.0,0.0,-25.869627,26.000002,1.9906951,0.66356504,0.24800001,0.008,125,0.13453922,,,,,,,,,0
anchor_enabled_full__base__t1m__a1p00__c0p90,reproduce_baseline,base,full,1.0,0.9,54,56,0.0,7,112,0.57474947,0.70569986,0.70569986,0.8828932,0.13095038,0.13095038,0.0,0.0,0.0,0.0,-26.116716,26.000002,1.9424038,0.647468,0.192,0.0,125,0.12601967,,,,,,,,,0
anchor_enabled_full__base__t1m__a1p00__c0p90,reproduce_baseline,base,full,1.0,0.9,54,57,0.0,7,112,0.70569986,0.82089007,0.82089007,0.93858427,0.11519024,0.11519024,0.0,0.0,0.0,0.0,-25.689615,26.000002,2.0649266,0.6883089,0.18400002,0.0,125,0.14046453,,,,,,,,,0
anchor_enabled_full__base__t1m__a1p00__c0p90,reproduce_baseline,base,full,1.0,0.9,54,58,0.0,7,112,0.82089007,0.9425938,0.9425938,0.9146961,0.12170372,0.12170372,0.0,0.0,0.0,0.0,-25.697363,26.000002,2.0123715,0.67079055,0.216,0.0,125,0.12364869,,,,,,,,,0
anchor_enabled_full__base__t1m__a1p00__c0p90,reproduce_baseline,base,full,1.0,0.9,54,59,1.0,8,128,0.9425938,0.16238153,0.16238153,0.92158777,0.11978769,0.11978769,0.0,0.0,0.0,0.0,-25.972055,26.000002,2.0275335,0.67584455,0.15200001,0.0,125,0.14236958,-0.00034242118,40.902245,1.6028576,20.43475,1.0,-23.28445,0.0,0.46843013,1
anchor_enabled_full__base__t1m__a1p00__c0p90,reproduce_baseline,base,full,1.0,0.9,54,60,0.0,8,128,0.16238153,0.2896583,0.2896583,0.89525074,0.12727678,0.12727678,0.0,0.0,0.0,0.0,-25.30633,26.000002,1.9695909,0.6565303,0.2,0.0,125,0.1509746,,,,,,,,,0
anchor_enabled_full__base__t1m__a1p00__c0p90,reproduce_baseline,base,full,1.0,0.9,54,61,0.0,8,128,0.2896583,0.4207188,0.4207188,0.88252825,0.13106048,0.13106048,0.0,0.0,0.0,0.0,-25.225895,26.000002,1.9416009,0.64720035,0.24800001,0.0,125,0.13566233,,,,,,,,,0
anchor_enabled_full__base__t1m__a1p00__c0p90,reproduce_baseline,base,full,1.0,0.9,54,62,0.0,8,128,0.4207188,0.55339503,0.55339503,0.87720686,0.13267621,0.13267621,0.0,0.0,0.0,0.0,-25.57123,26.000002,1.9298936,0.6432979,0.28800002,0.0,125,0.14685163,,,,,,,,,0
anchor_enabled_full__base__t1m__a1p00__c0p90,reproduce_baseline,base,full,1.0,0.9,54,63,0.0,8,128,0.55339503,0.68706447,0.68706447,0.8739678,0.13366944,0.13366944,0.0,0.0,0.0,0.0,-25.118988,26.000002,1.9227676,0.64092255,0.2,0.0,125,0.15600556,,,,,,,,,0
anchor_enabled_full__base__t1m__a1p00__c0p90,reproduce_baseline,base,full,1.0,0.9,54,64,0.0,8,128,0.68706447,0.79667205,0.79667205,0.9601594,0.10960757,0.10960757,0.0,0.0,0.0,0.0,-26.41262,26.000002,2.112393,0.704131,0.14400001,0.0,125,0.15695019,,,,,,,,,0
anchor_enabled_full__base__t1m__a1p00__c0p90,reproduce_baseline,base,full,1.0,0.9,54,65,0.0,8,128,0.79667205,0.9108108,0.9108108,0.94256675,0.11413877,0.11413877,0.0,0.0,0.0,0.0,-26.803139,26.0,2.0736883,0.69122946,0.16,0.0,100,0.16777949,,,,,,,,,0
anchor_enabled_full__base__t1m__a1p00__c0p90,reproduce_baseline,base,full,1.0,0.9,54,66,1.0,9,144,0.9108108,0.14940584,0.14940584,0.85825247,0.13859499,0.13859499,0.0,0.0,0.0,0.0,-25.166182,26.000002,1.8881931,0.62939775,0.28800002,0.008,125,0.15546626,-0.00024943217,40.78932,1.6021144,20.37839,1.0,,,,0
anchor_enabled_full__base__t1m__a1p00__c0p90,reproduce_baseline,base,full,1.0,0.9,54,67,0.0,9,144,0.14940584,0.27800018,0.27800018,0.8907782,0.12859432,0.12859432,0.0,0.0,0.0,0.0,-25.681204,26.000002,1.9597511,0.6532504,0.16800001,0.0,125,0.16409089,,,,,,,,,0
anchor_enabled_full__base__t1m__a1p00__c0p90,reproduce_baseline,base,full,1.0,0.9,54,68,0.0,9,144,0.27800018,0.38985622,0.38985622,0.9513405,0.11185606,0.11185606,0.0,0.0,0.0,0.0,-26.987185,26.000002,2.0929909,0.69766366,0.18400002,0.0,125,0.16311465,,,,,,,,,0
anchor_enabled_full__base__t1m__a1p00__c0p90,reproduce_baseline,base,full,1.0,0.9,54,69,0.0,9,144,0.38985622,0.5263016,0.5263016,0.865041,0.13644542,0.13644542,0.0,0.0,0.0,0.0,-25.02073,26.000002,1.9031283,0.6343761,0.23200001,0.0,125,0.15760767,,,,,,,,,0
anchor_enabled_full__base__t1m__a1p00__c0p90,reproduce_baseline,base,full,1.0,0.9,54,70,0.0,9,144,0.5263016,0.6503242,0.6503242,0.906499,0.124022625,0.124022625,0.0,0.0,0.0,0.0,-26.122713,26.000002,1.9943377,0.66477925,0.208,0.0,125,0.16905068,,,,,,,,,0
anchor_enabled_full__base__t1m__a1p00__c0p90,reproduce_baseline,base,full,1.0,0.9,54,71,0.0,9,144,0.6503242,0.7751727,0.7751727,0.9036167,0.12484849,0.12484849,0.0,0.0,0.0,0.0,-25.428215,26.000002,1.9879965,0.6626655,0.17600001,0.0,125,0.14973345,,,,,,,,,0
anchor_enabled_full__base__t1m__a1p00__c0p90,reproduce_baseline,base,full,1.0,0.9,54,72,0.0,9,144,0.7751727,0.88988405,0.88988405,0.9403936,0.114711344,0.114711344,0.0,0.0,0.0,0.0,-26.246819,26.000002,2.0689073,0.68963575,0.14400001,0.0,125,0.15318193,,,,,,,,,0
anchor_enabled_full__base__t1m__a1p00__c0p90,reproduce_baseline,base,full,1.0,0.9,54,73,0.0,9,144,0.88988405,1.0116872,1.0,0.9143418,0.12180306,0.12180306,0.0,0.0,0.0,0.0,-26.267431,26.000002,2.0115921,0.67053074,0.16800001,0.0,125,0.15627864,,,,,,,,,0
anchor_enabled_full__base__t1m__a1p00__c0p90,reproduce_baseline,base,full,1.0,0.9,54,74,1.0,10,160,1.0,0.23143613,0.23143613,0.88128525,0.13143611,0.13143611,0.0,0.0,0.0,0.0,-26.60529,26.000002,1.9388663,0.64628875,0.28,0.0,125,0.1514175,-0.00022581324,41.8809,1.6005454,20.92422,1.0,,,,0
anchor_enabled_full__base__t1m__a1p00__c0p90,reproduce_baseline,base,full,1.0,0.9,54,75,0.0,10,160,0.23143613,0.36495405,0.36495405,0.87446046,0.13351792,0.13351792,0.0,0.0,0.0,0.0,-25.10601,26.000002,1.9238514,0.6412838,0.216,0.0,125,0.16714232,,,,,,,,,0
anchor_enabled_full__base__t1m__a1p00__c0p90,reproduce_baseline,base,full,1.0,0.9,54,76,0.0,10,160,0.36495405,0.49127886,0.49127886,0.89851135,0.1263248,0.1263248,0.0,0.0,0.0,0.0,-25.198582,26.000002,1.9767644,0.6589215,0.16800001,0.0,125,0.14462833,,,,,,,,,0
anchor_enabled_full__base__t1m__a1p00__c0p90,reproduce_baseline,base,full,1.0,0.9,54,77,0.0,10,160,0.49127886,0.61579126,0.61579126,0.90478736,0.1245124,0.1245124,0.0,0.0,0.0,0.0,-25.94818,26.000002,1.990572,0.66352403,0.2,0.0,125,0.16477028,,,,,,,,,0
anchor_enabled_full__base__t1m__a1p00__c0p90,reproduce_baseline,base,full,1.0,0.9,54,78,0.0,10,160,0.61579126,0.7449659,0.7449659,0.8888226,0.12917465,0.12917465,0.0,0.0,0.0,0.0,-25.849115,26.0,1.9554487,0.65181625,0.16,0.0,100,0.14902061,,,,,,,,,0
anchor_enabled_full__base__t1m__a1p00__c0p90,reproduce_baseline,base,full,1.0,0.9,54,79,0.0,10,160,0.7449659,0.8759253,0.8759253,0.8828633,0.1309594,0.1309594,0.0,0.0,0.0,0.0,-26.016953,26.000002,1.942338,0.64744604,0.264,0.0,125,0.15477353,,,,,,-23.26627,0.0,0.467636,1
anchor_enabled_full__base__t1m__a1p00__c0p90,reproduce_baseline,base,full,1.0,0.9,54,80,0.0,10,160,0.8759253,0.9937752,0.9937752,0.9286708,0.11784989,0.11784989,0.0,0.0,0.0,0.0,-25.828796,26.000002,2.0431166,0.68103886,0.136,0.0,125,0.15372261,,,,,,,,,0
anchor_enabled_full__base__t1m__a1p00__c0p90,reproduce_baseline,base,full,1.0,0.9,54,81,1.0,11,176,0.9937752,0.22290762,0.22290762,0.8889648,0.1291324,0.1291324,0.0,0.0,0.0,0.0,-25.50495,26.000002,1.9557616,0.65192056,0.2,0.0,125,0.14580327,-0.00014011413,37.892044,1.5998018,18.929886,1.0,,,,0
anchor_enabled_full__base__t1m__a1p00__c0p90,reproduce_baseline,base,full,1.0,0.9,54,82,0.0,11,176,0.22290762,0.3464414,0.3464414,0.90821433,0.123533756,0.123533756,0.0,0.0,0.0,0.0,-25.520563,26.000002,1.9981114,0.66603714,0.256,0.0,125,0.16605823,,,,,,,,,0
anchor_enabled_full__base__t1m__a1p00__c0p90,reproduce_baseline,base,full,1.0,0.9,54,83,0.0,11,176,0.3464414,0.4759779,0.4759779,0.8876078,0.12953651,0.12953651,0.0,0.0,0.0,0.0,-26.109049,26.000002,1.9527762,0.6509254,0.216,0.0,125,0.19203937,,,,,,,,,0
anchor_enabled_full__base__t1m__a1p00__c0p90,reproduce_baseline,base,full,1.0,0.9,54,84,0.0,11,176,0.4759779,0.6165968,0.6165968,0.8519561,0.14061895,0.14061895,0.0,0.0,0.0,0.0,-24.902414,26.000002,1.8743409,0.6247803,0.256,0.0,125,0.1708457,,,,,,,,,0
anchor_enabled_full__base__t1m__a1p00__c0p90,reproduce_baseline,base,full,1.0,0.9,54,85,0.0,11,176,0.6165968,0.7401974,0.7401974,0.9079793,0.12360062,0.12360062,0.0,0.0,0.0,0.0,-26.1515,26.000002,1.9975944,0.6658648,0.2,0.0,125,0.17039531,,,,,,,,,0
anchor_enabled_full__base__t1m__a1p00__c0p90,reproduce_baseline,base,full,1.0,0.9,54,86,0.0,11,176,0.7401974,0.86572194,0.86572194,0.9012713,0.12552454,0.12552454,0.0,0.0,0.0,0.0,-26.08897,26.000002,1.9828364,0.6609455,0.256,0.0,125,0.19508678,,,,,,,,,0
anchor_enabled_full__base__t1m__a1p00__c0p90,reproduce_baseline,base,full,1.0,0.9,54,87,0.0,11,176,0.86572194,0.9911165,0.9911165,0.90172124,0.12539457,0.12539457,0.0,0.0,0.0,0.0,-25.715782,26.000002,1.9838263,0.66127545,0.224,0.0,125,0.16385812,,,,,,,,,0
anchor_enabled_full__base__t1m__a1p00__c0p90,reproduce_baseline,base,full,1.0,0.9,54,88,1.0,12,192,0.9911165,0.20600158,0.20600158,0.9397365,0.11488503,0.11488503,0.0,0.0,0.0,0.0,-26.47983,26.000002,2.0674615,0.68915385,0.128,0.0,125,0.1845724,-0.00032682263,42.306995,1.5987862,21.137184,1.0,,,,0
anchor_enabled_full__base__t1m__a1p00__c0p90,reproduce_baseline,base,full,1.0,0.9,54,89,0.0,12,192,0.20600158,0.33941865,0.33941865,0.8747886,0.13341708,0.13341708,0.0,0.0,0.0,0.0,-26.031584,26.000002,1.9245733,0.64152443,0.224,0.0,125,0.19686343,,,,,,,,,0
anchor_enabled_full__base__t1m__a1p00__c0p90,reproduce_baseline,base,full,1.0,0.9,54,90,0.0,12,192,0.33941865,0.46784678,0.46784678,0.89133984,0.12842813,0.12842813,0.0,0.0,0.0,0.0,-25.729073,26.000002,1.9609869,0.6536623,0.14400001,0.0,125,0.18132623,,,,,,,,,0
anchor_enabled_full__base__t1m__a1p00__c0p90,reproduce_baseline,base,full,1.0,0.9,54,91,0.0,12,192,0.46784678,0.59936756,0.59936756,0.8810056,0.13152078,0.13152078,0.0,0.0,0.0,0.0,-24.843973,26.0,1.938251,0.6460837,0.25,0.0,100,0.17406477,,,,,,,,,0
anchor_enabled_full__base__t1m__a1p00__c0p90,reproduce_baseline,base,full,1.0,0.9,54,92,0.0,12,192,0.59936756,0.7280303,0.7280303,0.89054704,0.12866277,0.12866277,0.0,0.0,0.0,0.0,-26.107111,26.000002,1.9592426,0.6530809,0.24800001,0.008,125,0.19900668,,,,,,,,,0
anchor_enabled_full__base__t1m__a1p00__c0p90,reproduce_baseline,base,full,1.0,0.9,54,93,0.0,12,192,0.7280303,0.86167616,0.86167616,0.87404454,0.13364583,0.13364583,0.0,0.0,0.0,0.0,-25.46748,26.000002,1.9229363,0.6409788,0.2,0.0,125,0.17738965,,,,,,,,,0
anchor_enabled_full__base__t1m__a1p00__c0p90,reproduce_baseline,base,full,1.0,0.9,54,94,0.0,12,192,0.86167616,0.9989976,0.9989976,0.8622616,0.13732146,0.13732146,0.0,0.0,0.0,0.0,-25.627396,26.000002,1.8970134,0.6323378,0.18400002,0.0,125,0.17599571,,,,,,,,,0
anchor_enabled_full__base__t1m__a1p00__c0p90,reproduce_baseline,base,full,1.0,0.9,54,95,1.0,13,208,0.9989976,0.22903167,0.22903167,0.88594306,0.13003401,0.13003401,0.0,0.0,0.0,0.0,-25.963736,26.000002,1.9491136,0.6497046,0.264,0.0,125,0.20607843,-0.0005020965,38.526863,1.5970969,19.24696,1.0,,,,0
anchor_enabled_full__base__t1m__a1p00__c0p90,reproduce_baseline,base,full,1.0,0.9,54,96,0.0,13,208,0.22903167,0.3569396,0.3569396,0.8931024,0.12790796,0.12790796,0.0,0.0,0.0,0.0,-25.644829,26.000002,1.9648645,0.65495485,0.216,0.0,125,0.19426757,,,,,,,,,0
anchor_enabled_full__base__t1m__a1p00__c0p90,reproduce_baseline,base,full,1.0,0.9,54,97,0.0,13,208,0.3569396,0.4921615,0.4921615,0.86895293,0.13522191,0.13522191,0.0,0.0,0.0,0.0,-24.936615,26.000002,1.9117346,0.6372449,0.23200001,0.008,125,0.1996537,,,,,,,,,0
anchor_enabled_full__base__t1m__a1p00__c0p90,reproduce_baseline,base,full,1.0,0.9,54,98,0.0,13,208,0.4921615,0.6269929,0.6269929,0.870209,0.13483137,0.13483137,0.0,0.0,0.0,0.0,-25.885857,26.000002,1.914498,0.638166,0.24000001,0.0,125,0.22241059,,,,,,,,,0
anchor_enabled_full__base__t1m__a1p00__c0p90,reproduce_baseline,base,full,1.0,0.9,54,99,0.0,13,208,0.6269929,0.77470785,0.77470785,0.8305755,0.14771496,0.14771496,0.0,0.0,0.0,0.0,-23.958757,26.000002,1.8273027,0.60910094,0.296,0.008,125,0.19894113,,,,,,-24.188974,0.0,0.5162379,1
anchor_enabled_full__base__t1m__a1p00__c0p90,reproduce_baseline,base,full,1.0,0.9,54,100,0.0,13,208,0.77470785,0.9232645,0.9232645,0.82810795,0.14855663,0.14855663,0.0,0.0,0.0,0.0,-24.762024,26.000002,1.8218739,0.60729134,0.272,0.0,125,0.20504288,,,,,,,,,0
anchor_enabled_full__base__t1m__a1p00__c0p90,reproduce_baseline,base,full,1.0,0.9,54,101,1.0,14,224,0.9232645,0.15208386,0.15208386,0.8900189,0.12881933,0.12881933,0.0,0.0,0.0,0.0,-25.391588,26.000002,1.9580806,0.65269357,0.23200001,0.0,125,0.20104192,-0.0003105902,35.269447,1.5945551,17.61847,1.0,,,,0
anchor_enabled_full__base__t1m__a1p00__c0p90,reproduce_baseline,base,full,1.0,0.9,54,102,0.0,14,224,0.15208386,0.29690892,0.29690892,0.8391563,0.14482504,0.14482504,0.0,0.0,0.0,0.0,-24.92001,26.000002,1.8461808,0.61539364,0.216,0.0,125,0.249382,,,,,,,,,0
anchor_enabled_full__base__t1m__a1p00__c0p90,reproduce_baseline,base,full,1.0,0.9,54,103,0.0,14,224,0.29690892,0.43962395,0.43962395,0.8455303,0.14271504,0.14271504,0.0,0.0,0.0,0.0,-25.367779,26.000002,1.8602037,0.62006795,0.32000002,0.008,125,0.24227306,,,,,,,,,0
anchor_enabled_full__base__t1m__a1p00__c0p90,reproduce_baseline,base,full,1.0,0.9,54,104,0.0,14,224,0.43962395,0.5781415,0.5781415,0.8584951,0.13851756,0.13851756,0.0,0.0,0.0,0.0,-25.101267,26.0,1.888727,0.62957567,0.21,0.0,100,0.23420411,,,,,,,,,0
anchor_enabled_full__base__t1m__a1p00__c0p90,reproduce_baseline,base,full,1.0,0.9,54,105,0.0,14,224,0.5781415,0.70722294,0.70722294,0.88913614,0.12908146,0.12908146,0.0,0.0,0.0,0.0,-25.97432,26.000002,1.9561386,0.6520462,0.216,0.0,125,0.27406624,,,,,,,,,0
anchor_enabled_full__base__t1m__a1p00__c0p90,reproduce_baseline,base,full,1.0,0.9,54,106,0.0,14,224,0.70722294,0.8482724,0.8482724,0.85062855,0.14104946,0.14104946,0.0,0.0,0.0,0.0,-24.800766,26.000002,1.8714201,0.6238067,0.224,0.0,125,0.25244018,,,,,,,,,0
anchor_enabled_full__base__t1m__a1p00__c0p90,reproduce_baseline,base,full,1.0,0.9,54,107,0.0,14,224,0.8482724,0.98372483,0.98372483,0.8682131,0.13545245,0.13545245,0.0,0.0,0.0,0.0,-25.573221,26.000002,1.910107,0.63670236,0.23200001,0.0,125,0.25555867,,,,,,,,,0
anchor_enabled_full__base__t1m__a1p00__c0p90,reproduce_baseline,base,full,1.0,0.9,54,108,1.0,15,240,0.98372483,0.21887916,0.21887916,0.8691701,0.1351543,0.1351543,0.0,0.0,0.0,0.0,-25.389322,26.000002,1.9122125,0.6374042,0.192,0.0,125,0.22547609,-0.00023770345,33.09516,1.592788,16.531414,1.0,,,,0
anchor_enabled_full__base__t1m__a1p00__c0p90,reproduce_baseline,base,full,1.0,0.9,54,109,0.0,15,240,0.21887916,0.37231857,0.37231857,0.81406313,0.1534394,0.1534394,0.0,0.0,0.0,0.0,-24.867268,26.000002,1.7909746,0.59699154,0.312,0.0,125,0.29580313,,,,,,,,,0
anchor_enabled_full__base__t1m__a1p00__c0p90,reproduce_baseline,base,full,1.0,0.9,54,110,0.0,15,240,0.37231857,0.5184933,0.5184933,0.83512765,0.14617473,0.14617473,0.0,0.0,0.0,0.0,-24.39715,26.000002,1.8373176,0.6124392,0.328,0.0,125,0.2973695,,,,,,,,,0
anchor_enabled_full__base__t1m__a1p00__c0p90,reproduce_baseline,base,full,1.0,0.9,54,111,0.0,15,240,0.5184933,0.6598164,0.6598164,0.8497869,0.14132307,0.14132307,0.0,0.0,0.0,0.0,-25.586111,26.000002,1.8695685,0.6231895,0.272,0.0,125,0.2951273,,,,,,,,,0
anchor_enabled_full__base__t1m__a1p00__c0p90,reproduce_baseline,base,full,1.0,0.9,54,112,0.0,15,240,0.6598164,0.7968465,0.7968465,0.86318386,0.13703014,0.13703014,0.0,0.0,0.0,0.0,-24.692585,26.000002,1.8990424,0.63301414,0.208,0.0,125,0.27898246,,,,,,,,,0
anchor_enabled_full__base__t1m__a1p00__c0p90,reproduce_baseline,base,full,1.0,0.9,54,113,0.0,15,240,0.7968465,0.93798167,0.93798167,0.8503648,0.14113514,0.14113514,0.0,0.0,0.0,0.0,-25.620184,26.000002,1.87084,0.62361336,0.2,0.0,125,0.27251816,,,,,,,,,0
anchor_enabled_full__base__t1m__a1p00__c0p90,reproduce_baseline,base,full,1.0,0.9,54,114,1.0,16,256,0.93798167,0.19129422,0.19129422,0.8144223,0.15331253,0.15331253,0.0,0.0,0.0,0.0,-24.939323,26.000002,1.7917649,0.597255,0.24800001,0.0,125,0.28728485,-0.00021877917,32.293465,1.592021,16.130592,1.0,,,,0
anchor_enabled_full__base__t1m__a1p00__c0p90,reproduce_baseline,base,full,1.0,0.9,54,115,0.0,16,256,0.19129422,0.34144825,0.34144825,0.823463,0.15015401,0.15015401,0.0,0.0,0.0,0.0,-25.330482,26.000002,1.8116548,0.60388494,0.28800002,0.0,125,0.31792197,,,,,,,,,0
anchor_enabled_full__base__t1m__a1p00__c0p90,reproduce_baseline,base,full,1.0,0.9,54,116,0.0,16,256,0.34144825,0.4683925,0.4683925,0.896387,0.12694424,0.12694424,0.0,0.0,0.0,0.0,-25.6045,26.000002,1.9720907,0.6573636,0.136,0.0,125,0.3134325,,,,,,,,,0
anchor_enabled_full__base__t1m__a1p00__c0p90,reproduce_baseline,base,full,1.0,0.9,54,117,0.0,16,256,0.4683925,0.6149295,0.6149295,0.83405274,0.14653699,0.14653699,0.0,0.0,0.0,0.0,-24.915096,26.0,1.8349527,0.61165094,0.26,0.0,100,0.27530867,,,,,,,,,0
anchor_enabled_full__base__t1m__a1p00__c0p90,reproduce_baseline,base,full,1.0,0.9,54,118,0.0,16,256,0.6149295,0.7533846,0.7533846,0.85869116,0.13845506,0.13845506,0.0,0.0,0.0,0.0,-24.599865,26.000002,1.8891582,0.62971944,0.224,0.0,125,0.31237847,,,,,,,,,0
anchor_enabled_full__base__t1m__a1p00__c0p90,reproduce_baseline,base,full,1.0,0.9,54,119,0.0,16,256,0.7533846,0.89032173,0.89032173,0.86347866,0.13693717,0.13693717,0.0,0.0,0.0,0.0,-25.311615,26.000002,1.899691,0.6332303,0.256,0.0,125,0.3574413,,,,,,-24.580038,0.0,0.52048993,1
anchor_enabled_full__base__t1m__a1p00__c0p90,reproduce_baseline,base,full,1.0,0.9,54,120,0.0,16,256,0.89032173,1.0337337,1.0,0.84341466,0.14341195,0.14341195,0.0,0.0,0.0,0.0,-24.754492,26.000002,1.8555493,0.61851645,0.23200001,0.0,125,0.312027,,,,,,,,,0
anchor_enabled_full__base__t1m__a1p00__c0p90,reproduce_baseline,base,full,1.0,0.9,54,121,1.0,17,272,1.0,0.24974336,0.24974336,0.8246525,0.14974333,0.14974333,0.0,0.0,0.0,0.0,-23.873806,26.000002,1.8142717,0.60475725,0.224,0.0,125,0.30724597,-0.0002264917,27.809948,1.5907464,13.88884,1.0,,,,0
anchor_enabled_full__base__t1m__a1p00__c0p90,reproduce_baseline,base,full,1.0,0.9,54,122,0.0,17,272,0.24974336,0.38734585,0.38734585,0.86137366,0.1376025,0.1376025,0.0,0.0,0.0,0.0,-24.57251,26.000002,1.89506,0.6316867,0.17600001,0.0,125,0.35383123,,,,,,,,,0
anchor_enabled_full__base__t1m__a1p00__c0p90,reproduce_baseline,base,full,1.0,0.9,54,123,0.0,17,272,0.38734585,0.5324637,0.5324637,0.83827907,0.14511788,0.14511788,0.0,0.0,0.0,0.0,-24.07127,26.000002,1.8442508,0.61475027,0.23200001,0.0,125,0.36136833,,,,,,,,,0
anchor_enabled_full__base__t1m__a1p00__c0p90,reproduce_baseline,base,full,1.0,0.9,54,124,0.0,17,272,0.5324637,0.68312854,0.68312854,0.82198817,0.15066482,0.15066482,0.0,0.0,0.0,0.0,-25.028147,26.000002,1.80841,0.60280335,0.272,0.0,125,0.39326218,,,,,,,,,0
anchor_enabled_full__base__t1m__a1p00__c0p90,reproduce_baseline,base,full,1.0,0.9,54,125,0.0,17,272,0.68312854,0.8316897,0.8316897,0.8280948,0.14856115,0.14856115,0.0,0.0,0.0,0.0,-24.508076,26.000002,1.8218449,0.6072817,0.24800001,0.0,125,0.37402537,,,,,,,,,0
anchor_enabled_full__base__t1m__a1p00__c0p90,reproduce_baseline,base,full,1.0,0.9,54,126,0.0,17,272,0.8316897,0.97898674,0.97898674,0.83180594,0.14729705,0.14729705,0.0,0.0,0.0,0.0,-24.731638,26.000002,1.8300096,0.61000323,0.208,0.0,125,0.38074195,,,,,,,,,0
anchor_enabled_full__base__t1m__a1p00__c0p90,reproduce_baseline,base,full,1.0,0.9,54,127,1.0,18,288,0.97898674,0.23486634,0.23486634,0.8072108,0.15587957,0.15587957,0.0,0.0,0.0,0.0,-24.206762,26.000002,1.7758992,0.5919664,0.208,0.0,125,0.3629325,-0.00011093532,29.119923,1.5893731,14.543957,1.0,,,,0
anchor_enabled_full__base__t1m__a1p00__c0p90,reproduce_baseline,base,full,1.0,0.9,54,128,0.0,18,288,0.23486634,0.38999844,0.38999844,0.8092983,0.15513211,0.15513211,0.0,0.0,0.0,0.0,-24.10713,26.000002,1.7804917,0.5934973,0.208,0.0,125,0.43013674,,,,,,,,,0
anchor_enabled_full__base__t1m__a1p00__c0p90,reproduce_baseline,base,full,1.0,0.9,54,129,0.0,18,288,0.38999844,0.55092824,0.55092824,0.7933636,0.1609298,0.1609298,0.0,0.0,0.0,0.0,-23.815767,26.000002,1.7454348,0.5818116,0.28,0.0,125,0.41927758,,,,,,,,,0
anchor_enabled_full__base__t1m__a1p00__c0p90,reproduce_baseline,base,full,1.0,0.9,54,130,0.0,18,288,0.55092824,0.7174514,0.7174514,0.7785253,0.16652317,0.16652317,0.0,0.0,0.0,0.0,-23.401918,26.0,1.7127899,0.57093,0.25,0.0,100,0.38369334,,,,,,,,,0
anchor_enabled_full__base__t1m__a1p00__c0p90,reproduce_baseline,base,full,1.0,0.9,54,131,0.0,18,288,0.7174514,0.86076134,0.86076134,0.84372365,0.14330995,0.14330995,0.0,0.0,0.0,0.0,-26.020847,26.000002,1.8562291,0.61874306,0.23200001,0.0,125,0.4296865,,,,,,,,,0
anchor_enabled_full__base__t1m__a1p00__c0p90,reproduce_baseline,base,full,1.0,0.9,54,132,0.0,18,288,0.86076134,1.0062845,1.0,0.83706814,0.14552309,0.14552309,0.0,0.0,0.0,0.0,-24.39913,26.000002,1.8415867,0.6138623,0.2,0.0,125,0.43797496,,,,,,,,,0
anchor_enabled_full__base__t1m__a1p00__c0p90,reproduce_baseline,base,full,1.0,0.9,54,133,1.0,19,304,1.0,0.23770791,0.23770791,0.8610412,0.13770789,0.13770789,0.0,0.0,0.0,0.0,-25.172052,26.000002,1.8943285,0.63144284,0.30400002,0.0,125,0.4439081,-0.00019862142,30.300615,1.5880898,15.134228,1.0,,,,0
anchor_enabled_full__base__t1m__a1p00__c0p90,reproduce_baseline,base,full,1.0,0.9,54,134,0.0,19,304,0.23770791,0.38043696,0.38043696,0.8454877,0.14272903,0.14272903,0.0,0.0,0.0,0.0,-24.574764,26.000002,1.8601102,0.6200367,0.224,0.0,125,0.5123898,,,,,,,,,0
anchor_enabled_full__base__t1m__a1p00__c0p90,reproduce_baseline,base,full,1.0,0.9,54,135,0.0,19,304,0.38043696,0.52890086,0.52890086,0.82837915,0.14846389,0.14846389,0.0,0.0,0.0,0.0,-25.106546,26.000002,1.8224705,0.6074902,0.24800001,0.0,125,0.50145143,,,,,,,,,0
anchor_enabled_full__base__t1m__a1p00__c0p90,reproduce_baseline,base,full,1.0,0.9,54,136,0.0,19,304,0.52890086,0.68301535,0.68301535,0.8121565,0.1541145,0.1541145,0.0,0.0,0.0,0.0,-24.149382,26.000002,1.78678,0.59559333,0.264,0.0,125,0.50109726,,,,,,,,,0
anchor_enabled_full__base__t1m__a1p00__c0p90,reproduce_baseline,base,full,1.0,0.9,54,137,0.0,19,304,0.68301535,0.8499764,0.8499764,0.77738464,0.1669611,0.1669611,0.0,0.0,0.0,0.0,-23.802855,26.000002,1.7102804,0.5700935,0.296,0.0,125,0.5224578,,,,,,,,,0
anchor_enabled_full__base__t1m__a1p00__c0p90,reproduce_baseline,base,full,1.0,0.9,54,138,0.0,19,304,0.8499764,1.0092951,1.0,0.7977334,0.15931864,0.15931864,0.0,0.0,0.0,0.0,-24.256802,26.000002,1.7550486,0.58501625,0.264,0.0,125,0.51526994,,,,,,,,,0
anchor_enabled_full__base__t1m__a1p00__c0p90,reproduce_baseline,base,full,1.0,0.9,54,139,1.0,20,320,1.0,0.24619834,0.24619834,0.8350576,0.14619832,0.14619832,0.0,0.0,0.0,0.0,-24.809835,26.000002,1.8371634,0.61238784,0.23200001,0.008,125,0.48986173,-0.00037982978,28.41505,1.5858159,14.191287,1.0,-23.705576,0.0,0.4832419,1
anchor_enabled_full__base__t1m__a1p00__c0p90,reproduce_baseline,base,full,1.0,0.9,54,140,0.0,20,320,0.24619834,0.39907423,0.39907423,0.815661,0.15287589,0.15287589,0.0,0.0,0.0,0.0,-24.32606,26.000002,1.7944901,0.59816337,0.30400002,0.0,125,0.5904149,,,,,,,,,0
anchor_enabled_full__base__t1m__a1p00__c0p90,reproduce_baseline,base,full,1.0,0.9,54,141,0.0,20,320,0.39907423,0.56059927,0.56059927,0.79176015,0.16152506,0.16152506,0.0,0.0,0.0,0.0,-23.726048,26.000002,1.7419071,0.5806357,0.272,0.0,125,0.596683,,,,,,,,,0
anchor_enabled_full__base__t1m__a1p00__c0p90,reproduce_baseline,base,full,1.0,0.9,54,142,0.0,20,320,0.56059927,0.70432603,0.70432603,0.8424624,0.14372675,0.14372675,0.0,0.0,0.0,0.0,-24.35693,26.000002,1.8534544,0.6178181,0.264,0.0,125,0.5582386,,,,,,,,,0
anchor_enabled_full__base__t1m__a1p00__c0p90,reproduce_baseline,base,full,1.0,0.9,54,143,0.0,20,320,0.70432603,0.85204595,0.85204595,0.8305609,0.14771992,0.14771992,0.0,0.0,0.0,0.0,-25.379808,26.0,1.8272705,0.6090902,0.22999999,0.0,100,0.50670993,,,,,,,,,0
anchor_enabled_full__base__t1m__a1p00__c0p90,reproduce_baseline,base,full,1.0,0.9,54,144,0.0,20,320,0.85204595,0.99890804,0.99890804,0.83309036,0.14686206,0.14686206,0.0,0.0,0.0,0.0,-25.352116,26.000002,1.8328354,0.61094517,0.272,0.008,125,0.58644336,,,,,,,,,0
anchor_enabled_full__base__t1m__a1p00__c0p90,reproduce_baseline,base,full,1.0,0.9,54,145,1.0,21,336,0.99890804,0.2420253,0.2420253,0.8443081,0.14311723,0.14311723,0.0,0.0,0.0,0.0,-24.961681,26.000002,1.8575149,0.6191716,0.272,0.0,125,0.58558464,-0.0005454151,30.66494,1.5827864,15.316096,1.0,,,,0
anchor_enabled_full__base__t1m__a1p00__c0p90,reproduce_baseline,base,full,1.0,0.9,54,146,0.0,21,336,0.2420253,0.40831614,0.40831614,0.77913165,0.16629085,0.16629085,0.0,0.0,0.0,0.0,-24.711864,26.000002,1.7141238,0.57137465,0.37600002,0.0,125,0.6922276,,,,,,,,,0
anchor_enabled_full__base__t1m__a1p00__c0p90,reproduce_baseline,base,full,1.0,0.9,54,147,0.0,21,336,0.40831614,0.5560256,0.5560256,0.8305917,0.14770946,0.14770946,0.0,0.0,0.0,0.0,-24.890938,26.000002,1.8273382,0.60911274,0.2,0.0,125,0.68769366,,,,,,,,,0
anchor_enabled_full__base__t1m__a1p00__c0p90,reproduce_baseline,base,full,1.0,0.9,54,148,0.0,21,336,0.5560256,0.7190135,0.7190135,0.7878447,0.16298787,0.16298787,0.0,0.0,0.0,0.0,-24.486637,26.000002,1.7332929,0.57776433,0.264,0.0,125,0.67237544,,,,,,,,,0
anchor_enabled_full__base__t1m__a1p00__c0p90,reproduce_baseline,base,full,1.0,0.9,54,149,0.0,21,336,0.7190135,0.89430356,0.89430356,0.75624275,0.17529003,0.17529003,0.0,0.0,0.0,0.0,-22.348415,26.000002,1.6637673,0.55458915,0.272,0.0,125,0.6693794,,,,,,,,,0
anchor_enabled_full__base__t1m__a1p00__c0p90,reproduce_baseline,base,full,1.0,0.9,54,150,0.0,21,336,0.89430356,1.0597235,1.0,0.7814122,0.1654199,0.1654199,0.0,0.0,0.0,0.0,-24.020145,26.000002,1.7191411,0.57304704,0.272,0.0,125,0.6785579,,,,,,,,,0
anchor_enabled_full__base__t1m__a1p00__c0p90,reproduce_baseline,base,full,1.0,0.9,54,151,1.0,22,352,1.0,0.26080114,0.26080114,0.79371095,0.16080111,0.16080111,0.0,0.0,0.0,0.0,-24.130451,26.000002,1.746199,0.58206636,0.216,0.0,125,0.66968274,6.783362e-05,22.190506,1.577775,11.079542,1.0,,,,0
anchor_enabled_full__base__t1m__a1p00__c0p90,reproduce_baseline,base,full,1.0,0.9,54,152,0.0,22,352,0.26080114,0.40862685,0.40862685,0.8302499,0.14782573,0.14782573,0.0,0.0,0.0,0.0,-24.93135,26.000002,1.8265862,0.6088621,0.23200001,0.0,125,0.785487,,,,,,,,,0
anchor_enabled_full__base__t1m__a1p00__c0p90,reproduce_baseline,base,full,1.0,0.9,54,153,0.0,22,352,0.40862685,0.5745169,0.5745169,0.7801797,0.16589004,0.16589004,0.0,0.0,0.0,0.0,-23.78432,26.000002,1.7164296,0.5721432,0.272,0.0,125,0.7964316,,,,,,,,,0
anchor_enabled_full__base__t1m__a1p00__c0p90,reproduce_baseline,base,full,1.0,0.9,54,154,0.0,22,352,0.5745169,0.72055215,0.72055215,0.83554226,0.14603525,0.14603525,0.0,0.0,0.0,0.0,-25.224337,26.000002,1.8382297,0.61274326,0.23200001,0.0,125,0.766786,,,,,,,,,0
anchor_enabled_full__base__t1m__a1p00__c0p90,reproduce_baseline,base,full,1.0,0.9,54,155,0.0,22,352,0.72055215,0.8832109,0.8832109,0.78872263,0.16265874,0.16265874,0.0,0.0,0.0,0.0,-24.306982,26.000002,1.7352245,0.5784082,0.296,0.0,125,0.77533215,,,,,,,,,0
anchor_enabled_full__base__t1m__a1p00__c0p90,reproduce_baseline,base,full,1.0,0.9,54,156,0.0,22,352,0.8832109,1.0437938,1.0,0.7943008,0.16058287,0.16058287,0.0,0.0,0.0,0.0,-24.489393,26.0,1.7474966,0.5824989,0.26999998,0.0,100,0.67236656,,,,,,,,,0
anchor_enabled_full__base__t1m__a1p00__c0p90,reproduce_baseline,base,full,1.0,0.9,54,157,1.0,23,368,1.0,0.25415844,0.25415844,0.8120327,0.15415843,0.15415843,0.0,0.0,0.0,0.0,-24.188427,26.000002,1.7865076,0.59550256,0.296,0.0,125,0.7500602,-0.00027103265,26.272423,1.5741785,13.120199,1.0,,,,0
anchor_enabled_full__base__t1m__a1p00__c0p90,reproduce_baseline,base,full,1.0,0.9,54,158,0.0,23,368,0.25415844,0.4087,0.4087,0.81095475,0.15454155,0.15454155,0.0,0.0,0.0,0.0,-24.91746,26.000002,1.784136,0.594712,0.28800002,0.0,125,0.89053243,,,,,,,,,0
anchor_enabled_full__base__t1m__a1p00__c0p90,reproduce_baseline,base,full,1.0,0.9,54,159,0.0,23,368,0.4087,0.5549122,0.5549122,0.83501625,0.14621224,0.14621224,0.0,0.0,0.0,0.0,-25.747517,26.000002,1.8370724,0.6123575,0.264,0.0,125,0.91950136,,,,,,-23.569483,0.0,0.48636517,1
anchor_enabled_full__base__t1m__a1p00__c0p90,reproduce_baseline,base,full,1.0,0.9,54,160,0.0,23,368,0.5549122,0.7109039,0.7109039,0.8068985,0.15599169,0.15599169,0.0,0.0,0.0,0.0,-23.98926,26.000002,1.775212,0.5917374,0.208,0.0,125,0.90729046,,,,,,,,,0
anchor_enabled_full__base__t1m__a1p00__c0p90,reproduce_baseline,base,full,1.0,0.9,54,161,0.0,23,368,0.7109039,0.87470174,0.87470174,0.78569174,0.16379789,0.16379789,0.0,0.0,0.0,0.0,-24.53842,26.000002,1.7285563,0.57618546,0.24000001,0.008,125,0.91375244,,,,,,,,,0
anchor_enabled_full__base__t1m__a1p00__c0p90,reproduce_baseline,base,full,1.0,0.9,54,162,0.0,23,368,0.87470174,1.043274,1.0,0.77321386,0.16857228,0.16857228,0.0,0.0,0.0,0.0,-23.176443,26.000002,1.7011044,0.56703484,0.28,0.008,125,0.8888224,,,,,,,,,0
anchor_enabled_full__base__t1m__a1p00__c0p90,reproduce_baseline,base,full,1.0,0.9,54,163,1.0,24,384,1.0,0.2551631,0.2551631,0.8092116,0.15516308,0.15516308,0.0,0.0,0.0,0.0,-24.361998,26.000002,1.7803011,0.59343374,0.24000001,0.0,125,0.8817741,-0.00017268755,22.589996,1.5714302,11.279112,1.0,,,,0
anchor_enabled_full__base__t1m__a1p00__c0p90,reproduce_baseline,base,full,1.0,0.9,54,164,0.0,24,384,0.2551631,0.41608053,0.41608053,0.7933969,0.16091745,0.16091745,0.0,0.0,0.0,0.0,-23.24979,26.000002,1.7455081,0.58183604,0.216,0.0,125,1.0274996,,,,,,,,,0
anchor_enabled_full__base__t1m__a1p00__c0p90,reproduce_baseline,base,full,1.0,0.9,54,165,0.0,24,384,0.41608053,0.5843604,0.5843604,0.7739678,0.16827987,0.16827987,0.0,0.0,0.0,0.0,-23.865662,26.000002,1.7027632,0.56758773,0.264,0.0,125,1.0511909,,,,,,,,,0
anchor_enabled_full__base__t1m__a1p00__c0p90,reproduce_baseline,base,full,1.0,0.9,54,166,0.0,24,384,0.5843604,0.7542902,0.7542902,0.7697304,0.16992982,0.16992982,0.0,0.0,0.0,0.0,-23.892574,26.000002,1.6934407,0.56448025,0.28,0.0,125,1.02684,,,,,,,,,0
anchor_enabled_full__base__t1m__a1p00__c0p90,reproduce_baseline,base,full,1.0,0.9,54,167,0.0,24,384,0.7542902,0.92209446,0.92209446,0.77519715,0.16780421,0.16780421,0.0,0.0,0.0,0.0,-23.969244,26.000002,1.7054678,0.5684893,0.28,0.0,125,1.0081785,,,,,,,,,0
anchor_enabled_full__base__t1m__a1p00__c0p90,reproduce_baseline,base,full,1.0,0.9,54,168,1.0,25,400,0.92209446,0.19633564,0.19633564,0.7588492,0.17424116,0.17424116,0.0,0.0,0.0,0.0,-23.31558,26.000002,1.6695015,0.55650055,0.35200003,0.0,125,1.0268084,-0.0003577654,22.349846,1.5699747,11.158865,1.0,,,,0
anchor_enabled_full__base__t1m__a1p00__c0p90,reproduce_baseline,base,full,1.0,0.9,54,169,0.0,25,400,0.19633564,0.37435257,0.37435257,0.74953866,0.17801695,0.17801695,0.0,0.0,0.0,0.0,-23.898315,26.0,1.6490179,0.54967266,0.22,0.0,100,0.98973036,,,,,,,,,0
anchor_enabled_full__base__t1m__a1p00__c0p90,reproduce_baseline,base,full,1.0,0.9,54,170,0.0,25,400,0.37435257,0.5587698,0.5587698,0.73419845,0.18441726,0.18441726,0.0,0.0,0.0,0.0,-22.81882,26.000002,1.6152688,0.53842294,0.36,0.0,125,1.183618,,,,,,,,,0
anchor_enabled_full__base__t1m__a1p00__c0p90,reproduce_baseline,base,full,1.0,0.9,54,171,0.0,25,400,0.5587698,0.7303065,0.7303065,0.76564306,0.17153665,0.17153665,0.0,0.0,0.0,0.0,-23.868763,26.000002,1.6844484,0.5614828,0.30400002,0.0,125,1.1520921,,,,,,,,,0
anchor_enabled_full__base__t1m__a1p00__c0p90,reproduce_baseline,base,full,1.0,0.9,54,172,0.0,25,400,0.7303065,0.8897378,0.8897378,0.7974264,0.1594313,0.1594313,0.0,0.0,0.0,0.0,-23.769014,26.000002,1.7543731,0.58479106,0.384,0.0,125,1.140346,,,,,,,,,0
anchor_enabled_full__base__t1m__a1p00__c0p90,reproduce_baseline,base,full,1.0,0.9,54,173,0.0,25,400,0.8897378,1.0497569,1.0,0.7958281,0.16001913,0.16001913,0.0,0.0,0.0,0.0,-24.090996,26.000002,1.7508568,0.58361894,0.28800002,0.0,125,1.1350307,,,,,,,,,0
anchor_enabled_full__base__t1m__a1p00__c0p90,reproduce_baseline,base,full,1.0,0.9,54,174,1.0,26,416,1.0,0.27442324,0.27442324,0.7583957,0.17442323,0.17442323,0.0,0.0,0.0,0.0,-23.94522,26.000002,1.6685038,0.55616796,0.256,0.0,125,1.1282674,-0.00021337054,21.72887,1.5658584,10.848564,1.0,,,,0
anchor_enabled_full__base__t1m__a1p00__c0p90,reproduce_baseline,base,full,1.0,0.9,54,175,0.0,26,416,0.27442324,0.44470674,0.44470674,0.7688275,0.17028348,0.17028348,0.0,0.0,0.0,0.0,-23.8156,26.000002,1.6914543,0.5638181,0.192,0.0,125,1.2968264,,,,,,,,,0
anchor_enabled_full__base__t1m__a1p00__c0p90,reproduce_baseline,base,full,1.0,0.9,54,176,0.0,26,416,0.44470674,0.6094733,0.6094733,0.78313094,0.16476656,0.16476656,0.0,0.0,0.0,0.0,-24.2153,26.000002,1.7229224,0.5743075,0.272,0.0,125,1.2771558,,,,,,,,,0
anchor_enabled_full__base__t1m__a1p00__c0p90,reproduce_baseline,base,full,1.0,0.9,54,177,0.0,26,416,0.6094733,0.78192556,0.78192556,0.763331,0.1724523,0.1724523,0.0,0.0,0.0,0.0,-24.117544,26.000002,1.6793617,0.5597873,0.18400002,0.0,125,1.3157308,,,,,,,,,0
anchor_enabled_full__base__t1m__a1p00__c0p90,reproduce_baseline,base,full,1.0,0.9,54,178,0.0,26,416,0.78192556,0.9619458,0.9619458,0.7446787,0.18002024,0.18002024,0.0,0.0,0.0,0.0,-23.359493,26.000002,1.6383258,0.5461086,0.33600003,0.0,125,1.3133627,,,,,,,,,0
anchor_enabled_full__base__t1m__a1p00__c0p90,reproduce_baseline,base,full,1.0,0.9,54,179,1.0,27,432,0.9619458,0.24628039,0.24628039,0.7343931,0.18433459,0.18433459,0.0,0.0,0.0,0.0,-22.698124,26.000002,1.6156971,0.53856575,0.32000002,0.0,125,1.3186342,-8.2632614e-05,17.877516,1.5657706,8.9230175,1.0,-23.984203,0.01,0.49630386,1
anchor_enabled_full__base__t1m__a1p00__c0p90,reproduce_baseline,base,full,1.0,0.9,54,180,0.0,27,432,0.24628039,0.41832873,0.41832873,0.76434946,0.17204835,0.17204835,0.0,0.0,0.0,0.0,-23.916471,26.000002,1.6816024,0.5605341,0.328,0.0,125,1.4430231,,,,,,,,,0
anchor_enabled_full__base__t1m__a1p00__c0p90,reproduce_baseline,base,full,1.0,0.9,54,181,0.0,27,432,0.41832873,0.59639627,0.59639627,0.7494153,0.17806752,0.17806752,0.0,0.0,0.0,0.0,-23.438255,26.000002,1.6487465,0.5495822,0.32000002,0.0,125,1.4149528,,,,,,,,,0
anchor_enabled_full__base__t1m__a1p00__c0p90,reproduce_baseline,base,full,1.0,0.9,54,182,0.0,27,432,0.59639627,0.76932836,0.76932836,0.7621245,0.17293206,0.17293206,0.0,0.0,0.0,0.0,-23.422342,26.0,1.6767074,0.5589025,0.29,0.01,100,1.1735171,,,,,,,,,0
anchor_enabled_full__base__t1m__a1p00__c0p90,reproduce_baseline,base,full,1.0,0.9,54,183,0.0,27,432,0.76932836,0.9508794,0.9508794,0.74100125,0.18155104,0.18155104,0.0,0.0,0.0,0.0,-23.656712,26.000002,1.6302353,0.5434118,0.36,0.0,125,1.4566039,,,,,,,,,0
anchor_enabled_full__base__t1m__a1p00__c0p90,reproduce_baseline,base,full,1.0,0.9,54,184,1.0,28,448,0.9508794,0.2208626,0.2208626,0.769594,0.16998318,0.16998318,0.0,0.0,0.0,0.0,-23.212658,26.000002,1.6931406,0.5643802,0.28,0.0,125,1.4106077,-0.00018212739,20.66526,1.564811,10.3168,1.0,,,,0
anchor_enabled_full__base__t1m__a1p00__c0p90,reproduce_baseline,base,full,1.0,0.9,54,185,0.0,28,448,0.2208626,0.40585172,0.40585172,0.73285383,0.18498912,0.18498912,0.0,0.0,0.0,0.0,-23.653685,26.000002,1.6123106,0.5374369,0.35200003,0.0,125,1.6109586,,,,,,,,,0
anchor_enabled_full__base__t1m__a1p00__c0p90,reproduce_baseline,base,full,1.0,0.9,54,186,0.0,28,448,0.40585172,0.5769947,0.5769947,0.7666409,0.17114298,0.17114298,0.0,0.0,0.0,0.0,-23.50705,26.000002,1.6866436,0.56221455,0.24800001,0.0,125,1.5866989,,,,,,,,,0
anchor_enabled_full__base__t1m__a1p00__c0p90,reproduce_baseline,base,full,1.0,0.9,54,187,0.0,28,448,0.5769947,0.7405747,0.7405747,0.78626984,0.16357997,0.16357997,0.0,0.0,0.0,0.0,-23.67835,26.000002,1.7298282,0.57660943,0.30400002,0.0,125,1.5691684,,,,,,,,,0
anchor_enabled_full__base__t1m__a1p00__c0p90,reproduce_baseline,base,full,1.0,0.9,54,188,0.0,28,448,0.7405747,0.89036137,0.89036137,0.82452697,0.14978664,0.14978664,0.0,0.0,0.0,0.0,-24.669662,26.000002,1.8139955,0.60466516,0.272,0.0,125,1.5234964,,,,,,,,,0
anchor_enabled_full__base__t1m__a1p00__c0p90,reproduce_baseline,base,full,1.0,0.9,54,189,0.0,28,448,0.89036137,1.0731403,1.0,0.7380739,0.18277892,0.18277892,0.0,0.0,0.0,0.0,-23.962599,26.000002,1.623795,0.541265,0.28800002,0.0,125,1.6001554,,,,,,,,,0
anchor_enabled_full__base__t1m__a1p00__c0p90,reproduce_baseline,base,full,1.0,0.9,54,190,1.0,29,464,1.0,0.27543414,0.27543414,0.7558859,0.17543413,0.17543413,0.0,0.0,0.0,0.0,-23.437067,26.000002,1.6629822,0.5543274,0.264,0.0,125,1.5436594,-0.00028691767,18.772562,1.5585787,9.370409,1.0,,,,0
anchor_enabled_full__base__t1m__a1p00__c0p90,reproduce_baseline,base,full,1.0,0.9,54,191,0.0,29,464,0.27543414,0.45073384,0.45073384,0.75621885,0.17529969,0.17529969,0.0,0.0,0.0,0.0,-23.706675,26.000002,1.6637146,0.55457157,0.272,0.0,125,1.6815019,,,,,,,,,0
anchor_enabled_full__base__t1m__a1p00__c0p90,reproduce_baseline,base,full,1.0,0.9,54,192,0.0,29,464,0.45073384,0.62581456,0.62581456,0.7567616,0.17508073,0.17508073,0.0,0.0,0.0,0.0,-23.635904,26.000002,1.6649088,0.5549696,0.264,0.0,125,1.7075028,,,,,,,,,0
anchor_enabled_full__base__t1m__a1p00__c0p90,reproduce_baseline,base,full,1.0,0.9,54,193,0.0,29,464,0.62581456,0.7998084,0.7998084,0.7594661,0.17399383,0.17399383,0.0,0.0,0.0,0.0,-23.622936,26.000002,1.6708589,0.55695295,0.272,0.0,125,1.6934447,,,,,,,,,0
anchor_enabled_full__base__t1m__a1p00__c0p90,reproduce_baseline,base,full,1.0,0.9,54,194,0.0,29,464,0.7998084,0.97844756,0.97844756,0.7480233,0.17863916,0.17863916,0.0,0.0,0.0,0.0,-23.406338,26.000002,1.6456841,0.5485614,0.30400002,0.008,125,1.7109052,,,,,,,,,0
anchor_enabled_full__base__t1m__a1p00__c0p90,reproduce_baseline,base,full,1.0,0.9,54,195,1.0,30,480,0.97844756,0.23625797,0.23625797,0.8018644,0.15781039,0.15781039,0.0,0.0,0.0,0.0,-23.781462,26.0,1.7641369,0.58804566,0.28,0.0,100,1.4339956,-0.00015719728,24.23381,1.559036,12.101157,1.0,,,,0
anchor_enabled_full__base__t1m__a1p00__c0p90,reproduce_baseline,base,full,1.0,0.9,54,196,0.0,30,480,0.23625797,0.41813803,0.41813803,0.7402149,0.18188006,0.18188006,0.0,0.0,0.0,0.0,-22.879059,26.000002,1.6285052,0.5428351,0.36,0.0,125,1.8324549,,,,,,,,,0
anchor_enabled_full__base__t1m__a1p00__c0p90,reproduce_baseline,base,full,1.0,0.9,54,197,0.0,30,480,0.41813803,0.60201055,0.60201055,0.73548317,0.18387252,0.18387252,0.0,0.0,0.0,0.0,-23.754978,26.000002,1.6180953,0.5393651,0.312,0.008,125,1.9067336,,,,,,,,,0
anchor_enabled_full__base__t1m__a1p00__c0p90,reproduce_baseline,base,full,1.0,0.9,54,198,0.0,30,480,0.60201055,0.77366865,0.77366865,0.7653358,0.17165807,0.17165807,0.0,0.0,0.0,0.0,-23.577238,26.000002,1.6837723,0.5612575,0.192,0.0,125,1.859362,,,,,,,,,0
anchor_enabled_full__base__t1m__a1p00__c0p90,reproduce_baseline,base,full,1.0,0.9,54,199,0.0,30,480,0.77366865,0.9662246,0.9662246,0.7154431,0.19255595,0.19255595,0.0,0.0,0.0,0.0,-23.65333,26.000002,1.5740062,0.52466875,0.344,0.0,125,1.943157,,,,,,-23.757471,0.0,0.49986088,1
anchor_enabled_full__base__t1m__a1p00__c0p90,reproduce_baseline,base,full,1.0,0.9,54,200,1.0,31,496,0.9662246,0.25137562,0.25137562,0.73247397,0.185151,0.185151,0.0,0.0,0.0,0.0,-24.035494,26.000002,1.6114749,0.5371583,0.28800002,0.0,125,1.8676189,-0.00020082618,18.99223,1.5589111,9.480325,1.0,,,,0
anchor_enabled_full__base__t1m__a1p00__c0p90,reproduce_baseline,base,full,1.0,0.9,54,201,0.0,31,496,0.25137562,0.4186033,0.4186033,0.77669173,0.1672277,0.1672277,0.0,0.0,0.0,0.0,-23.85036,26.000002,1.708756,0.5695853,0.296,0.0,125,2.0450099,,,,,,,,,0
anchor_enabled_full__base__t1m__a1p00__c0p90,reproduce_baseline,base,full,1.0,0.9,54,202,0.0,31,496,0.4186033,0.5986046,0.5986046,0.7447243,0.18000133,0.18000133,0.0,0.0,0.0,0.0,-23.976486,26.000002,1.6384261,0.54614204,0.28800002,0.0,125,2.0325484,,,,,,,,,0
anchor_enabled_full__base__t1m__a1p00__c0p90,reproduce_baseline,base,full,1.0,0.9,54,203,0.0,31,496,0.5986046,0.7897155,0.7897155,0.7187145,0.19111092,0.19111092,0.0,0.0,0.0,0.0,-22.248896,26.000002,1.5812035,0.52706784,0.33600003,0.008,125,2.0016198,,,,,,,,,0
anchor_enabled_full__base__t1m__a1p00__c0p90,reproduce_baseline,base,full,1.0,0.9,54,204,0.0,31,496,0.7897155,0.9732294,0.9732294,0.7363311,0.18351386,0.18351386,0.0,0.0,0.0,0.0,-22.645384,26.000002,1.6199608,0.53998697,0.23200001,0.0,125,2.015796,,,,,,,,,0
anchor_enabled_full__base__t1m__a1p00__c0p90,reproduce_baseline,base,full,1.0,0.9,54,205,1.0,32,512,0.9732294,0.26847816,0.26847816,0.70941174,0.19524874,0.19524874,0.0,0.0,0.0,0.0,-22.504095,26.000002,1.560737,0.5202457,0.40800002,0.0,125,2.063836,-7.491983e-05,16.079765,1.5627856,8.024179,1.0,,,,0
anchor_enabled_full__base__t1m__a1p00__c0p90,reproduce_baseline,base,full,1.0,0.9,54,206,0.0,32,512,0.26847816,0.4489004,0.4489004,0.7437099,0.18042223,0.18042223,0.0,0.0,0.0,0.0,-23.787256,26.000002,1.6361945,0.5453982,0.328,0.0,125,2.2272627,,,,,,,,,0
anchor_enabled_full__base__t1m__a1p00__c0p90,reproduce_baseline,base,full,1.0,0.9,54,207,0.0,32,512,0.4489004,0.6274533,0.6274533,0.74823296,0.17855294,0.17855294,0.0,0.0,0.0,0.0,-22.89522,26.000002,1.6461453,0.5487151,0.296,0.0,125,2.163726,,,,,,,,,0
anchor_enabled_full__base__t1m__a1p00__c0p90,reproduce_baseline,base,full,1.0,0.9,54,208,0.0,32,512,0.6274533,0.80741215,0.80741215,0.7448269,0.1799588,0.1799588,0.0,0.0,0.0,0.0,-22.876505,26.0,1.638652,0.5462173,0.35,0.0,100,1.7752,,,,,,,,,0
anchor_enabled_full__base__t1m__a1p00__c0p90,reproduce_baseline,base,full,1.0,0.9,54,209,0.0,32,512,0.80741215,0.99039894,0.99039894,0.7375803,0.18298678,0.18298678,0.0,0.0,0.0,0.0,-23.388107,26.000002,1.622709,0.54090303,0.28,0.0,125,2.240524,,,,,,,,,0
anchor_enabled_full__base__t1m__a1p00__c0p90,reproduce_baseline,base,full,1.0,0.9,54,210,1.0,33,528,0.99039894,0.2768178,0.2768178,0.7295102,0.18641885,0.18641885,0.0,0.0,0.0,0.0,-24.027334,26.000002,1.6049545,0.5349848,0.36,0.0,125,2.230721,-0.00015329187,21.76241,1.5603263,10.865448,1.0,,,,0
anchor_enabled_full__base__t1m__a1p00__c0p90,reproduce_baseline,base,full,1.0,0.9,54,211,0.0,33,528,0.2768178,0.44156092,0.44156092,0.78319275,0.16474311,0.16474311,0.0,0.0,0.0,0.0,-23.907837,26.000002,1.7230585,0.57435286,0.24000001,0.0,125,2.332449,,,,,,,,,0
anchor_enabled_full__base__t1m__a1p00__c0p90,reproduce_baseline,base,full,1.0,0.9,54,212,0.0,33,528,0.44156092,0.630391,0.630391,0.72392875,0.1888301,0.1888301,0.0,0.0,0.0,0.0,-23.249899,26.000002,1.5926751,0.5308917,0.272,0.0,125,2.3589487,,,,,,,,,0
anchor_enabled_full__base__t1m__a1p00__c0p90,reproduce_baseline,base,full,1.0,0.9,54,213,0.0,33,528,0.630391,0.8187192,0.8187192,0.72508466,0.18832819,0.18832819,0.0,0.0,0.0,0.0,-23.217192,26.000002,1.5952181,0.53173935,0.30400002,0.0,125,2.3640156,,,,,,,,,0
anchor_enabled_full__base__t1m__a1p00__c0p90,reproduce_baseline,base,full,1.0,0.9,54,214,0.0,33,528,0.8187192,1.0103036,1.0,0.7176399,0.19158438,0.19158438,0.0,0.0,0.0,0.0,-22.780352,26.000002,1.5788394,0.5262798,0.33600003,0.0,125,2.37404,,,,,,,,,0
anchor_enabled_full__base__t1m__a1p00__c0p90,reproduce_baseline,base,full,1.0,0.9,54,215,1.0,34,544,1.0,0.26812464,0.26812464,0.77436876,0.1681246,0.1681246,0.0,0.0,0.0,0.0,-24.099142,26.000002,1.7036453,0.5678818,0.312,0.0,125,2.3244884,-2.0141753e-05,18.53783,1.5602839,9.253292,1.0,,,,0
anchor_enabled_full__base__t1m__a1p00__c0p90,reproduce_baseline,base,full,1.0,0.9,54,216,0.0,34,544,0.26812464,0.43812358,0.43812358,0.7695538,0.16999893,0.16999893,0.0,0.0,0.0,0.0,-23.392118,26.000002,1.6930522,0.5643507,0.28800002,0.0,125,2.506747,,,,,,,,,0
anchor_enabled_full__base__t1m__a1p00__c0p90,reproduce_baseline,base,full,1.0,0.9,54,217,0.0,34,544,0.43812358,0.6240117,0.6240117,0.7307484,0.1858881,0.1858881,0.0,0.0,0.0,0.0,-23.110874,26.000002,1.6076787,0.5358929,0.344,0.0,125,2.5603242,,,,,,,,,0
anchor_enabled_full__base__t1m__a1p00__c0p90,reproduce_baseline,base,full,1.0,0.9,54,218,0.0,34,544,0.6240117,0.8057738,0.8057738,0.74049664,0.18176211,0.18176211,0.0,0.0,0.0,0.0,-23.487364,26.000002,1.6291251,0.5430417,0.36800003,0.016,125,2.608886,,,,,,,,,0
anchor_enabled_full__base__t1m__a1p00__c0p90,reproduce_baseline,base,full,1.0,0.9,54,219,0.0,34,544,0.8057738,0.9817559,0.9817559,0.7545315,0.1759821,0.1759821,0.0,0.0,0.0,0.0,-23.272285,26.000002,1.6600025,0.5533342,0.30400002,0.0,125,2.5689652,,,,,,-23.684319,0.03,0.47031444,1
anchor_enabled_full__base__t1m__a1p00__c0p90,reproduce_baseline,base,full,1.0,0.9,54,220,1.0,35,560,0.9817559,0.2640438,0.2640438,0.7392422,0.18228787,0.18228787,0.0,0.0,0.0,0.0,-23.774723,26.000002,1.6263653,0.54212177,0.344,0.0,125,2.5552094,-0.00017911365,19.056496,1.555275,9.512516,1.0,,,,0
anchor_enabled_full__base__t1m__a1p00__c0p90,reproduce_baseline,base,full,1.0,0.9,54,221,0.0,35,560,0.2640438,0.4467154,0.4467154,0.73832893,0.18267159,0.18267159,0.0,0.0,0.0,0.0,-23.574299,26.0,1.624356,0.54145205,0.22999999,0.0,100,2.204493,,,,,,,,,0
anchor_enabled_full__base__t1m__a1p00__c0p90,reproduce_baseline,base,full,1.0,0.9,54,222,0.0,35,560,0.4467154,0.6252431,0.6252431,0.74829435,0.1785277,0.1785277,0.0,0.0,0.0,0.0,-23.719675,26.000002,1.6462804,0.5487602,0.35200003,0.008,125,2.663925,,,,,,,,,0
anchor_enabled_full__base__t1m__a1p00__c0p90,reproduce_baseline,base,full,1.0,0.9,54,223,0.0,35,560,0.6252431,0.80302763,0.80302763,0.7501061,0.17778452,0.17778452,0.0,0.0,0.0,0.0,-23.435507,26.000002,1.6502664,0.5500888,0.272,0.0,125,2.6842391,,,,,,,,,0
anchor_enabled_full__base__t1m__a1p00__c0p90,reproduce_baseline,base,full,1.0,0.9,54,224,0.0,35,560,0.80302763,0.9726528,0.9726528,0.7705097,0.16962516,0.16962516,0.0,0.0,0.0,0.0,-23.972517,26.000002,1.6951553,0.5650518,0.24000001,0.0,125,2.665656,,,,,,,,,0
anchor_enabled_full__base__t1m__a1p00__c0p90,reproduce_baseline,base,full,1.0,0.9,54,225,1.0,36,576,0.9726528,0.26124763,0.26124763,0.7244702,0.18859483,0.18859483,0.0,0.0,0.0,0.0,-22.620821,26.000002,1.5938662,0.53128874,0.328,0.0,125,2.7582219,-9.054049e-05,17.82047,1.5592132,8.894552,1.0,,,,0
anchor_enabled_full__base__t1m__a1p00__c0p90,reproduce_baseline,base,full,1.0,0.9,54,226,0.0,36,576,0.26124763,0.43432158,0.43432158,0.7617683,0.17307396,0.17307396,0.0,0.0,0.0,0.0,-24.79068,26.000002,1.6759237,0.55864125,0.33600003,0.008,125,2.8770099,,,,,,,,,0
anchor_enabled_full__base__t1m__a1p00__c0p90,reproduce_baseline,base,full,1.0,0.9,54,227,0.0,36,576,0.43432158,0.6106865,0.6106865,0.7535878,0.17636491,0.17636491,0.0,0.0,0.0,0.0,-22.61795,26.000002,1.6579262,0.5526421,0.296,0.0,125,2.8265808,,,,,,,,,0
anchor_enabled_full__base__t1m__a1p00__c0p90,reproduce_baseline,base,full,1.0,0.9,54,228,0.0,36,576,0.6106865,0.77740264,0.77740264,0.7780223,0.16671616,0.16671616,0.0,0.0,0.0,0.0,-24.052214,26.000002,1.7116832,0.57056105,0.24000001,0.0,125,2.8715405,,,,,,,,,0
anchor_enabled_full__base__t1m__a1p00__c0p90,reproduce_baseline,base,full,1.0,0.9,54,229,0.0,36,576,0.77740264,0.95769095,0.95769095,0.74403244,0.18028829,0.18028829,0.0,0.0,0.0,0.0,-23.479866,26.000002,1.636904,0.5456347,0.37600002,0.0,125,2.9240801,,,,,,,,,0
anchor_enabled_full__base__t1m__a1p00__c0p90,reproduce_baseline,base,full,1.0,0.9,54,230,1.0,37,592,0.95769095,0.22647716,0.22647716,0.7726631,0.16878618,0.16878618,0.0,0.0,0.0,0.0,-23.64513,26.000002,1.6998928,0.56663096,0.256,0.0,125,2.8534286,-0.00015891538,17.090862,1.5586268,8.529686,1.0,,,,0
anchor_enabled_full__base__t1m__a1p00__c0p90,reproduce_baseline,base,full,1.0,0.9,54,231,0.0,37,592,0.22647716,0.42128667,0.42128667,0.7103898,0.19480951,0.19480951,0.0,0.0,0.0,0.0,-23.685272,26.000002,1.5628887,0.52096295,0.344,0.008,125,3.0882635,,,,,,,,,0
anchor_enabled_full__base__t1m__a1p00__c0p90,reproduce_baseline,base,full,1.0,0.9,54,232,0.0,37,592,0.42128667,0.5883364,0.5883364,0.77715415,0.16704975,0.16704975,0.0,0.0,0.0,0.0,-24.208172,26.000002,1.7097733,0.5699245,0.272,0.0,125,3.0671153,,,,,,,,,0
anchor_enabled_full__base__t1m__a1p00__c0p90,reproduce_baseline,base,full,1.0,0.9,54,233,0.0,37,592,0.5883364,0.77069736,0.77069736,0.7390681,0.18236096,0.18236096,0.0,0.0,0.0,0.0,-23.653582,26.000002,1.6259823,0.5419941,0.30400002,0.0,125,3.0602112,,,,,,,,,0
anchor_enabled_full__base__t1m__a1p00__c0p90,reproduce_baseline,base,full,1.0,0.9,54,234,0.0,37,592,0.77069736,0.9508467,0.9508467,0.74436736,0.18014933,0.18014933,0.0,0.0,0.0,0.0,-23.421757,26.0,1.637641,0.5458803,0.35,0.0,100,2.5037801,,,,,,,,,0
anchor_enabled_full__base__t1m__a1p00__c0p90,reproduce_baseline,base,full,1.0,0.9,54,235,1.0,38,608,0.9508467,0.22802167,0.22802167,0.75159764,0.17717497,0.17717497,0.0,0.0,0.0,0.0,-23.482813,26.000002,1.6535479,0.5511826,0.296,0.0,125,3.0572305,-0.0001568395,20.380322,1.5602422,10.174402,1.0,,,,0
anchor_enabled_full__base__t1m__a1p00__c0p90,reproduce_baseline,base,full,1.0,0.9,54,236,0.0,38,608,0.22802167,0.4036383,0.4036383,0.7554343,0.17561665,0.17561665,0.0,0.0,0.0,0.0,-24.004696,26.000002,1.6619886,0.5539962,0.32000002,0.008,125,3.2349834,,,,,,,,,0
anchor_enabled_full__base__t1m__a1p00__c0p90,reproduce_baseline,base,full,1.0,0.9,54,237,0.0,38,608,0.4036383,0.60669804,0.60669804,0.69237626,0.2030597,0.2030597,0.0,0.0,0.0,0.0,-22.36558,26.000002,1.5232582,0.5077528,0.28,0.0,125,3.237672,,,,,,,,,0
anchor_enabled_full__base__t1m__a1p00__c0p90,reproduce_baseline,base,full,1.0,0.9,54,238,0.0,38,608,0.60669804,0.7820794,0.7820794,0.75601655,0.17538135,0.17538135,0.0,0.0,0.0,0.0,-23.747938,26.000002,1.6632696,0.5544232,0.23200001,0.0,125,3.261707,,,,,,,,,0
anchor_enabled_full__base__t1m__a1p00__c0p90,reproduce_baseline,base,full,1.0,0.9,54,239,0.0,38,608,0.7820794,0.96270293,0.96270293,0.74322563,0.18062353,0.18062353,0.0,0.0,0.0,0.0,-23.831177,26.000002,1.6351291,0.54504305,0.264,0.0,125,3.3131237,,,,,,-23.908617,0.01,0.49352443,1
anchor_enabled_full__base__t1m__a1p00__c0p90,reproduce_baseline,base,full,1.0,0.9,54,240,1.0,39,624,0.96270293,0.24860832,0.24860832,0.73070806,0.18590537,0.18590537,0.0,0.0,0.0,0.0,-24.17617,26.000002,1.6075898,0.5358633,0.30400002,0.0,125,3.2646868,-7.8464494e-05,17.339424,1.5591375,8.654042,1.0,,,,0
anchor_enabled_full__base__t1m__a1p00__c0p90,reproduce_baseline,base,full,1.0,0.9,54,241,0.0,39,624,0.24860832,0.44067097,0.44067097,0.7165571,0.19206265,0.19206265,0.0,0.0,0.0,0.0,-22.869207,26.000002,1.576457,0.5254857,0.39200002,0.0,125,3.4597719,,,,,,,,,0
anchor_enabled_full__base__t1m__a1p00__c0p90,reproduce_baseline,base,full,1.0,0.9,54,242,0.0,39,624,0.44067097,0.6190613,0.6190613,0.74862874,0.17839031,0.17839031,0.0,0.0,0.0,0.0,-23.604412,26.000002,1.647016,0.5490054,0.28800002,0.0,125,3.4511108,,,,,,,,,0
anchor_enabled_full__base__t1m__a1p00__c0p90,reproduce_baseline,base,full,1.0,0.9,54,243,0.0,39,624,0.6190613,0.79103,0.79103,0.76455057,0.17196871,0.17196871,0.0,0.0,0.0,0.0,-23.423641,26.000002,1.6820449,0.56068164,0.32000002,0.0,125,3.3353994,,,,,,,,,0
anchor_enabled_full__base__t1m__a1p00__c0p90,reproduce_baseline,base,full,1.0,0.9,54,244,0.0,39,624,0.79103,0.9763881,0.9763881,0.73198843,0.18535808,0.18535808,0.0,0.0,0.0,0.0,-22.705463,26.000002,1.6104066,0.53680223,0.32000002,0.0,125,3.4044352,,,,,,,,,0
anchor_enabled_full__base__t1m__a1p00__c0p90,reproduce_baseline,base,full,1.0,0.9,54,245,1.0,40,640,0.9763881,0.23856837,0.23856837,0.79000205,0.16218024,0.16218024,0.0,0.0,0.0,0.0,-24.243013,26.000002,1.7380393,0.5793464,0.208,0.0,125,3.3639295,-0.00011496035,17.690277,1.5613434,8.829411,1.0,,,,0
anchor_enabled_full__base__t1m__a1p00__c0p90,reproduce_baseline,base,full,1.0,0.9,54,246,0.0,40,640,0.23856837,0.4253039,0.4253039,0.728773,0.18673554,0.18673554,0.0,0.0,0.0,0.0,-23.372536,26.000002,1.6033326,0.5344442,0.384,0.0,125,3.645753,,,,,,,,,0
anchor_enabled_full__base__t1m__a1p00__c0p90,reproduce_baseline,base,full,1.0,0.9,54,247,0.0,40,640,0.4253039,0.59965676,0.59965676,0.7585709,0.17435285,0.17435285,0.0,0.0,0.0,0.0,-23.984314,26.0,1.6688893,0.55629647,0.26999998,0.0,100,2.9396873,,,,,,,,,0
anchor_enabled_full__base__t1m__a1p00__c0p90,reproduce_baseline,base,full,1.0,0.9,54,248,0.0,40,640,0.59965676,0.79293156,0.79293156,0.7138248,0.19327477,0.19327477,0.0,0.0,0.0,0.0,-22.681522,26.000002,1.5704459,0.52348197,0.32000002,0.0,125,3.584209,,,,,,,,,0
anchor_enabled_full__base__t1m__a1p00__c0p90,reproduce_baseline,base,full,1.0,0.9,54,249,0.0,40,640,0.79293156,0.9483814,0.9483814,0.80840963,0.15544987,0.15544987,0.0,0.0,0.0,0.0,-24.484266,26.000002,1.7785367,0.59284556,0.192,0.0,125,3.5687053,,,,,,,,,0
anchor_enabled_full__base__t1m__a1p00__c0p90,reproduce_baseline,base,full,1.0,0.9,54,250,1.0,41,656,0.9483814,0.2329005,0.2329005,0.7339588,0.18451905,0.18451905,0.0,0.0,0.0,0.0,-23.936144,26.000002,1.6147416,0.5382472,0.32000002,0.0,125,3.6077104,-0.00016406256,19.253298,1.5606554,9.610879,1.0,,,,0
anchor_enabled_full__base__t1m__a1p00__c0p90,reproduce_baseline,base,full,1.0,0.9,54,251,0.0,41,656,0.2329005,0.42273733,0.42273733,0.7216195,0.18983683,0.18983683,0.0,0.0,0.0,0.0,-22.883368,26.000002,1.5875946,0.5291982,0.39200002,0.0,125,3.844044,,,,,,,,,0
anchor_enabled_full__base__t1m__a1p00__c0p90,reproduce_baseline,base,full,1.0,0.9,54,252,0.0,41,656,0.42273733,0.5955461,0.5955461,0.76243407,0.17280883,0.17280883,0.0,0.0,0.0,0.0,-23.926376,26.000002,1.6773884,0.5591295,0.296,0.0,125,3.7365544,,,,,,,,,0
anchor_enabled_full__base__t1m__a1p00__c0p90,reproduce_baseline,base,full,1.0,0.9,54,253,0.0,41,656,0.5955461,0.7806115,0.7806115,0.73267466,0.18506542,0.18506542,0.0,0.0,0.0,0.0,-23.759407,26.000002,1.6119164,0.5373055,0.36,0.0,125,3.8021526,,,,,,,,,0
anchor_enabled_full__base__t1m__a1p00__c0p90,reproduce_baseline,base,full,1.0,0.9,54,254,0.0,41,656,0.7806115,0.97321093,0.97321093,0.71534497,0.19259945,0.19259945,0.0,0.0,0.0,0.0,-23.467194,26.000002,1.5737903,0.5245968,0.448,0.024,125,3.7770147,,,,,,,,,0
anchor_enabled_full__base__t1m__a1p00__c0p90,reproduce_baseline,base,full,1.0,0.9,54,255,1.0,42,672,0.97321093,0.24128167,0.24128167,0.77450794,0.16807072,0.16807072,0.0,0.0,0.0,0.0,-23.518408,26.000002,1.7039515,0.56798387,0.28800002,0.0,125,3.720536,-0.000111918635,17.072815,1.5617675,8.520678,1.0,,,,0
anchor_enabled_full__base__t1m__a1p00__c0p90,reproduce_baseline,base,full,1.0,0.9,54,256,0.0,42,672,0.24128167,0.4248135,0.4248135,0.73628855,0.18353184,0.18353184,0.0,0.0,0.0,0.0,-23.38672,26.000002,1.6198671,0.53995574,0.28800002,0.0,125,4.002704,,,,,,,,,0
anchor_enabled_full__base__t1m__a1p00__c0p90,reproduce_baseline,base,full,1.0,0.9,54,257,0.0,42,672,0.4248135,0.61357605,0.61357605,0.72408414,0.18876255,0.18876255,0.0,0.0,0.0,0.0,-22.539677,26.000002,1.5930169,0.5310056,0.264,0.0,125,3.9276164,,,,,,,,,0
anchor_enabled_full__base__t1m__a1p00__c0p90,reproduce_baseline,base,full,1.0,0.9,54,258,0.0,42,672,0.61357605,0.79840565,0.79840565,0.7332285,0.1848296,0.1848296,0.0,0.0,0.0,0.0,-23.552074,26.000002,1.613135,0.5377117,0.35200003,0.0,125,4.000603,,,,,,,,,0
anchor_enabled_full__base__t1m__a1p00__c0p90,reproduce_baseline,base,full,1.0,0.9,54,259,0.0,42,672,0.79840565,0.9859892,0.9859892,0.72680515,0.1875836,0.1875836,0.0,0.0,0.0,0.0,-23.237812,26.000002,1.5990033,0.5330011,0.33600003,0.0,125,3.959904,,,,,,-23.243097,0.02,0.48551807,1
anchor_enabled_full__base__t1m__a1p00__c0p90,reproduce_baseline,base,full,1.0,0.9,54,260,1.0,43,688,0.9859892,0.25502175,0.25502175,0.77202976,0.16903253,0.16903253,0.0,0.0,0.0,0.0,-23.982895,26.0,1.6984994,0.5661665,0.22,0.0,100,3.2355907,-0.0001026426,20.922476,1.561342,10.445521,1.0,,,,0
anchor_enabled_full__base__t1m__a1p00__c0p90,reproduce_baseline,base,full,1.0,0.9,54,261,0.0,43,688,0.25502175,0.44105554,0.44105554,0.73040813,0.18603379,0.18603379,0.0,0.0,0.0,0.0,-23.554302,26.000002,1.60693,0.53564334,0.28800002,0.0,125,4.130228,,,,,,,,,0
anchor_enabled_full__base__t1m__a1p00__c0p90,reproduce_baseline,base,full,1.0,0.9,54,262,0.0,43,688,0.44105554,0.61844635,0.61844635,0.7510688,0.17739084,0.17739084,0.0,0.0,0.0,0.0,-23.217533,26.000002,1.6523843,0.5507948,0.296,0.0,125,4.1031294,,,,,,,,,0
anchor_enabled_full__base__t1m__a1p00__c0p90,reproduce_baseline,base,full,1.0,0.9,54,263,0.0,43,688,0.61844635,0.78719556,0.78719556,0.7727582,0.16874924,0.16874924,0.0,0.0,0.0,0.0,-23.67388,26.000002,1.700102,0.5667007,0.272,0.0,125,4.1475134,,,,,,,,,0
anchor_enabled_full__base__t1m__a1p00__c0p90,reproduce_baseline,base,full,1.0,0.9,54,264,0.0,43,688,0.78719556,0.9664507,0.9664507,0.7465284,0.17925514,0.17925514,0.0,0.0,0.0,0.0,-23.016047,26.000002,1.6423953,0.5474651,0.33600003,0.0,125,4.0693464,,,,,,,,,0
anchor_enabled_full__base__t1m__a1p00__c0p90,reproduce_baseline,base,full,1.0,0.9,54,265,1.0,44,704,0.9664507,0.24482803,0.24482803,0.7486604,0.17837732,0.17837732,0.0,0.0,0.0,0.0,-23.644903,26.000002,1.6470858,0.54902864,0.296,0.0,125,4.1721044,-0.00016898727,18.746548,1.5605469,9.3575,1.0,,,,0
anchor_enabled_full__base__t1m__a1p00__c0p90,reproduce_baseline,base,full,1.0,0.9,54,266,0.0,44,704,0.24482803,0.43536404,0.43536404,0.720023,0.190536,0.190536,0.0,0.0,0.0,0.0,-23.305319,26.000002,1.5840821,0.5280274,0.36,0.0,125,4.3566413,,,,,,,,,0
anchor_enabled_full__base__t1m__a1p00__c0p90,reproduce_baseline,base,full,1.0,0.9,54,267,0.0,44,704,0.43536404,0.6209344,0.6209344,0.73149127,0.18557039,0.18557039,0.0,0.0,0.0,0.0,-22.722107,26.000002,1.6093129,0.53643763,0.35200003,0.008,125,4.3038025,,,,,,,,,0
anchor_enabled_full__base__t1m__a1p00__c0p90,reproduce_baseline,base,full,1.0,0.9,54,268,0.0,44,704,0.6209344,0.79037935,0.79037935,0.7709714,0.16944492,0.16944492,0.0,0.0,0.0,0.0,-23.848618,26.000002,1.6961709,0.56539035,0.272,0.0,125,4.304249,,,,,,,,,0
anchor_enabled_full__base__t1m__a1p00__c0p90,reproduce_baseline,base,full,1.0,0.9,54,269,0.0,44,704,0.79037935,0.9696571,0.9696571,0.7464735,0.1792778,0.1792778,0.0,0.0,0.0,0.0,-23.659134,26.000002,1.6422745,0.54742485,0.312,0.0,125,4.316528,,,,,,,,,0
anchor_enabled_full__base__t1m__a1p00__c0p90,reproduce_baseline,base,full,1.0,0.9,54,270,1.0,45,720,0.9696571,0.2528089,0.2528089,0.73718894,0.18315175,0.18315175,0.0,0.0,0.0,0.0,-23.85501,26.000002,1.6218481,0.54061604,0.32000002,0.0,125,4.367108,-0.00034126983,17.750013,1.5617416,8.859049,1.0,,,,0
anchor_enabled_full__base__t1m__a1p00__c0p90,reproduce_baseline,base,full,1.0,0.9,54,271,0.0,45,720,0.2528089,0.4359653,0.4359653,0.7371779,0.1831564,0.1831564,0.0,0.0,0.0,0.0,-22.605526,26.000002,1.6218238,0.5406079,0.33600003,0.0,125,4.4343977,,,,,,,,,0
anchor_enabled_full__base__t1m__a1p00__c0p90,reproduce_baseline,base,full,1.0,0.9,54,272,0.0,45,720,0.4359653,0.613464,0.613464,0.75080484,0.17749868,0.17749868,0.0,0.0,0.0,0.0,-23.887644,26.000002,1.6518036,0.55060124,0.28,0.0,125,4.4906616,,,,,,,,,0
anchor_enabled_full__base__t1m__a1p00__c0p90,reproduce_baseline,base,full,1.0,0.9,54,273,0.0,45,720,0.613464,0.80167925,0.80167925,0.72534513,0.18821527,0.18821527,0.0,0.0,0.0,0.0,-23.48049,26.0,1.5957911,0.5319304,0.26999998,0.0,100,3.6502914,,,,,,,,,0
anchor_enabled_full__base__t1m__a1p00__c0p90,reproduce_baseline,base,full,1.0,0.9,54,274,0.0,45,720,0.80167925,0.9824767,0.9824767,0.74280757,0.18079749,0.18079749,0.0,0.0,0.0,0.0,-23.561531,26.000002,1.6342093,0.54473644,0.272,0.0,125,4.4895697,,,,,,,,,0
anchor_enabled_full__base__t1m__a1p00__c0p90,reproduce_baseline,base,full,1.0,0.9,54,275,1.0,46,736,0.9824767,0.25350285,0.25350285,0.76693755,0.17102613,0.17102613,0.0,0.0,0.0,0.0,-23.767118,26.000002,1.6872963,0.5624321,0.264,0.0,125,4.402341,-0.00015148394,19.719883,1.5598625,9.844192,1.0,,,,0
anchor_enabled_full__base__t1m__a1p00__c0p90,reproduce_baseline,base,full,1.0,0.9,54,276,0.0,46,736,0.25350285,0.43800002,0.43800002,0.7340102,0.18449718,0.18449718,0.0,0.0,0.0,0.0,-23.427467,26.000002,1.6148547,0.5382849,0.30400002,0.0,125,4.7082896,,,,,,,,,0
anchor_enabled_full__base__t1m__a1p00__c0p90,reproduce_baseline,base,full,1.0,0.9,54,277,0.0,46,736,0.43800002,0.61214423,0.61214423,0.75909096,0.1741442,0.1741442,0.0,0.0,0.0,0.0,-23.500559,26.000002,1.6700335,0.5566778,0.272,0.0,125,4.6222467,,,,,,,,,0
anchor_enabled_full__base__t1m__a1p00__c0p90,reproduce_baseline,base,full,1.0,0.9,54,278,0.0,46,736,0.61214423,0.796418,0.796418,0.73453647,0.18427378,0.18427378,0.0,0.0,0.0,0.0,-22.737972,26.000002,1.6160125,0.53867084,0.264,0.0,125,4.5949187,,,,,,,,,0
anchor_enabled_full__base__t1m__a1p00__c0p90,reproduce_baseline,base,full,1.0,0.9,54,279,0.0,46,736,0.796418,0.991909,0.991909,0.70887315,0.19549102,0.19549102,0.0,0.0,0.0,0.0,-22.568985,26.000002,1.5595521,0.51985073,0.344,0.008,125,4.729842,,,,,,-23.613617,0.0,0.4839642,1
anchor_enabled_full__base__t1m__a1p00__c0p90,reproduce_baseline,base,full,1.0,0.9,54,280,1.0,47,752,0.991909,0.28061292,0.28061292,0.7242192,0.18870386,0.18870386,0.0,0.0,0.0,0.0,-23.06677,26.000002,1.593314,0.5311047,0.344,0.0,125,4.611632,-0.00030656296,16.172735,1.5576781,8.070483,1.0,,,,0
anchor_enabled_full__base__t1m__a1p00__c0p90,reproduce_baseline,base,full,1.0,0.9,54,281,0.0,47,752,0.28061292,0.45534873,0.45534873,0.75761807,0.1747358,0.1747358,0.0,0.0,0.0,0.0,-23.427479,26.000002,1.666793,0.55559766,0.272,0.0,125,4.7680697,,,,,,,,,0
anchor_enabled_full__base__t1m__a1p00__c0p90,reproduce_baseline,base,full,1.0,0.9,54,282,0.0,47,752,0.45534873,0.6437837,0.6437837,0.72483855,0.18843493,0.18843493,0.0,0.0,0.0,0.0,-22.75504,26.000002,1.5946766,0.5315589,0.28800002,0.0,125,4.816769,,,,,,,,,0
anchor_enabled_full__base__t1m__a1p00__c0p90,reproduce_baseline,base,full,1.0,0.9,54,283,0.0,47,752,0.6437837,0.8311538,0.8311538,0.72729963,0.18737014,0.18737014,0.0,0.0,0.0,0.0,-23.524048,26.000002,1.6000911,0.5333637,0.312,0.0,125,4.71709,,,,,,,,,0
anchor_enabled_full__base__t1m__a1p00__c0p90,reproduce_baseline,base,full,1.0,0.9,54,284,0.0,47,752,0.8311538,1.0205783,1.0,0.722564,0.18942444,0.18942444,0.0,0.0,0.0,0.0,-23.320395,26.000002,1.5896724,0.52989084,0.312,0.0,125,4.831928,,,,,,,,,0
anchor_enabled_full__base__t1m__a1p00__c0p90,reproduce_baseline,base,full,1.0,0.9,54,285,1.0,48,768,1.0,0.2903157,0.2903157,0.7205254,0.19031568,0.19031568,0.0,0.0,0.0,0.0,-23.105438,26.000002,1.5851876,0.5283959,0.35200003,0.0,125,4.837345,-0.00033917194,17.682774,1.5598533,8.82545,1.0,,,,0
anchor_enabled_full__base__t1m__a1p00__c0p90,reproduce_baseline,base,full,1.0,0.9,54,286,0.0,48,768,0.2903157,0.47330055,0.47330055,0.7375848,0.18298486,0.18298486,0.0,0.0,0.0,0.0,-22.530973,26.0,1.622719,0.54090637,0.34,0.0,100,3.9985344,,,,,,,,,0
anchor_enabled_full__base__t1m__a1p00__c0p90,reproduce_baseline,base,full,1.0,0.9,54,287,0.0,48,768,0.47330055,0.664651,0.664651,0.7181706,0.19135042,0.19135042,0.0,0.0,0.0,0.0,-22.157328,26.000002,1.5800068,0.52666897,0.30400002,0.0,125,4.9808083,,,,,,,,,0
anchor_enabled_full__base__t1m__a1p00__c0p90,reproduce_baseline,base,full,1.0,0.9,54,288,0.0,48,768,0.664651,0.8343266,0.8343266,0.7703804,0.16967568,0.16967568,0.0,0.0,0.0,0.0,-24.244818,26.000002,1.6948707,0.5649569,0.264,0.0,125,4.8672924,,,,,,,,,0
anchor_enabled_full__base__t1m__a1p00__c0p90,reproduce_baseline,base,full,1.0,0.9,54,289,0.0,48,768,0.8343266,1.0060434,1.0,0.7651871,0.17171684,0.17171684,0.0,0.0,0.0,0.0,-22.805063,26.000002,1.6834452,0.5611484,0.296,0.008,125,4.915269,,,,,,,,,0
anchor_enabled_full__base__t1m__a1p00__c0p90,reproduce_baseline,base,full,1.0,0.9,54,290,1.0,49,784,1.0,0.2799968,0.2799968,0.74473524,0.17999679,0.17999679,0.0,0.0,0.0,0.0,-23.080824,26.000002,1.6384503,0.5461501,0.296,0.008,125,4.898033,-0.0004041093,17.935215,1.5574347,8.95163,1.0,,,,0
anchor_enabled_full__base__t1m__a1p00__c0p90,reproduce_baseline,base,full,1.0,0.9,54,291,0.0,49,784,0.2799968,0.45554483,0.45554483,0.755604,0.17554802,0.17554802,0.0,0.0,0.0,0.0,-22.945906,26.000002,1.6623621,0.5541207,0.33600003,0.0,125,4.9984484,,,,,,,,,0
anchor_enabled_full__base__t1m__a1p00__c0p90,reproduce_baseline,base,full,1.0,0.9,54,292,0.0,49,784,0.45554483,0.6400999,0.6400999,0.733874,0.18455507,0.18455507,0.0,0.0,0.0,0.0,-23.429508,26.000002,1.6145551,0.53818506,0.30400002,0.0,125,5.082479,,,,,,,,,0
anchor_enabled_full__base__t1m__a1p00__c0p90,reproduce_baseline,base,full,1.0,0.9,54,293,0.0,49,784,0.6400999,0.8343028,0.8343028,0.71174437,0.19420287,0.19420287,0.0,0.0,0.0,0.0,-22.584507,26.000002,1.5658689,0.5219563,0.35200003,0.008,125,5.1426177,,,,,,,,,0
anchor_enabled_full__base__t1m__a1p00__c0p90,reproduce_baseline,base,full,1.0,0.9,54,294,0.0,49,784,0.8343028,1.022223,1.0,0.7260266,0.18792017,0.18792017,0.0,0.0,0.0,0.0,-23.105999,26.000002,1.5972904,0.5324302,0.312,0.0,125,5.083253,,,,,,,,,0
anchor_enabled_full__base__t1m__a1p00__c0p90,reproduce_baseline,base,full,1.0,0.9,54,295,1.0,50,800,1.0,0.2830178,0.2830178,0.7375067,0.18301778,0.18301778,0.0,0.0,0.0,0.0,-23.000843,26.000002,1.6225471,0.5408491,0.36,0.0,125,5.0370965,-0.00047224213,16.843266,1.5608104,8.405554,1.0,,,,0
anchor_enabled_full__base__t1m__a1p00__c0p90,reproduce_baseline,base,full,1.0,0.9,54,296,0.0,50,800,0.2830178,0.46959692,0.46959692,0.72913694,0.18657912,0.18657912,0.0,0.0,0.0,0.0,-23.111443,26.000002,1.6041334,0.5347111,0.35200003,0.0,125,5.096077,,,,,,,,,0
anchor_enabled_full__base__t1m__a1p00__c0p90,reproduce_baseline,base,full,1.0,0.9,54,297,0.0,50,800,0.46959692,0.64478457,0.64478457,0.75649655,0.17518763,0.17518763,0.0,0.0,0.0,0.0,-23.470074,26.000002,1.6643256,0.55477524,0.24000001,0.0,125,5.0269575,,,,,,,,,0
anchor_enabled_full__base__t1m__a1p00__c0p90,reproduce_baseline,base,full,1.0,0.9,54,298,0.0,50,800,0.64478457,0.82523495,0.82523495,0.74364215,0.1804504,0.1804504,0.0,0.0,0.0,0.0,-23.748802,26.000002,1.6360455,0.5453485,0.32000002,0.0,125,5.130325,,,,,,,,,0
anchor_enabled_full__base__t1m__a1p00__c0p90,reproduce_baseline,base,full,1.0,0.9,54,299,0.0,50,800,0.82523495,1.0021175,1.0,0.7523151,0.17688252,0.17688252,0.0,0.0,0.0,0.0,-24.119633,26.0,1.6551263,0.5517088,0.19999999,0.0,100,4.1333528,,,,,,-23.390087,0.0,0.5004525,1
anchor_enabled_full__base__t1m__a1p00__c0p90,reproduce_baseline,base,full,1.0,0.9,54,300,1.0,51,816,1.0,0.28968593,0.28968593,0.7219649,0.18968591,0.18968591,0.0,0.0,0.0,0.0,-22.506142,26.000002,1.5883545,0.5294515,0.384,0.0,125,5.066197,-0.0002081465,18.571426,1.5598392,9.269907,1.0,,,,0
anchor_enabled_full__base__t1m__a1p00__c0p90,reproduce_baseline,base,full,1.0,0.9,54,301,0.0,51,816,0.28968593,0.46252066,0.46252066,0.76236904,0.17283471,0.17283471,0.0,0.0,0.0,0.0,-22.581297,26.000002,1.6772454,0.5590818,0.208,0.0,125,5.211183,,,,,,,,,0
anchor_enabled_full__base__t1m__a1p00__c0p90,reproduce_baseline,base,full,1.0,0.9,54,302,0.0,51,816,0.46252066,0.6547589,0.6547589,0.7161603,0.1922382,0.1922382,0.0,0.0,0.0,0.0,-22.764086,26.000002,1.5755842,0.52519476,0.432,0.0,125,5.347186,,,,,,,,,0
anchor_enabled_full__base__t1m__a1p00__c0p90,reproduce_baseline,base,full,1.0,0.9,54,303,0.0,51,816,0.6547589,0.8463777,0.8463777,0.7175619,0.1916188,0.1916188,0.0,0.0,0.0,0.0,-22.298603,26.000002,1.5786678,0.5262226,0.39200002,0.0,125,5.280029,,,,,,,,,0
anchor_enabled_full__base__t1m__a1p00__c0p90,reproduce_baseline,base,full,1.0,0.9,54,304,0.0,51,816,0.8463777,1.0357919,1.0,0.7225875,0.18941416,0.18941416,0.0,0.0,0.0,0.0,-22.933723,26.000002,1.5897243,0.5299081,0.33600003,0.0,125,5.2474136,,,,,,,,,0
anchor_enabled_full__base__t1m__a1p00__c0p90,reproduce_baseline,base,full,1.0,0.9,54,305,1.0,52,832,1.0,0.27504668,0.27504668,0.7568462,0.17504665,0.17504665,0.0,0.0,0.0,0.0,-23.02871,26.000002,1.6650949,0.55503166,0.312,0.0,125,5.225788,-0.00045136927,18.113312,1.5621231,9.040583,1.0,,,,0
anchor_enabled_full__base__t1m__a1p00__c0p90,reproduce_baseline,base,full,1.0,0.9,54,306,0.0,52,832,0.27504668,0.46807677,0.46807677,0.71437496,0.1930301,0.1930301,0.0,0.0,0.0,0.0,-22.143162,26.000002,1.5716563,0.5238855,0.33600003,0.008,125,5.373624,,,,,,,,,0
anchor_enabled_full__base__t1m__a1p00__c0p90,reproduce_baseline,base,full,1.0,0.9,54,307,0.0,52,832,0.46807677,0.642316,0.642316,0.7588541,0.17423922,0.17423922,0.0,0.0,0.0,0.0,-23.71081,26.000002,1.6695123,0.55650413,0.216,0.0,125,5.3585567,,,,,,,,,0
anchor_enabled_full__base__t1m__a1p00__c0p90,reproduce_baseline,base,full,1.0,0.9,54,308,0.0,52,832,0.642316,0.81985444,0.81985444,0.75070757,0.17753844,0.17753844,0.0,0.0,0.0,0.0,-23.647612,26.000002,1.6515896,0.5505299,0.28800002,0.0,125,5.36493,,,,,,,,,0
anchor_enabled_full__base__t1m__a1p00__c0p90,reproduce_baseline,base,full,1.0,0.9,54,309,0.0,52,832,0.81985444,0.99347746,0.99347746,0.7603927,0.173623,0.173623,0.0,0.0,0.0,0.0,-23.80815,26.000002,1.6728973,0.55763245,0.264,0.0,125,5.3274875,,,,,,,,,0
anchor_enabled_full__base__t1m__a1p00__c0p90,reproduce_baseline,base,full,1.0,0.9,54,310,1.0,53,848,0.99347746,0.2816171,0.2816171,0.7255197,0.18813963,0.18813963,0.0,0.0,0.0,0.0,-22.877893,26.000002,1.5961753,0.5320585,0.4,0.0,125,5.3722496,-0.00030462196,17.623291,1.5651809,8.795689,1.0,,,,0
anchor_enabled_full__base__t1m__a1p00__c0p90,reproduce_baseline,base,full,1.0,0.9,54,311,0.0,53,848,0.2816171,0.4690901,0.4690901,0.7270612,0.18747301,0.18747301,0.0,0.0,0.0,0.0,-22.620552,26.000002,1.5995666,0.5331889,0.384,0.008,125,5.3085213,,,,,,,,,0
