n_seeds,late_window_updates,rho_mean,rho_sd,p_active_mean,p_active_sd,p_sustained_mean,p_sustained_sd,p_bursty_mean,p_bursty_sd,late_update_count_mean,late_update_count_sd,active_blocks_mean,active_blocks_sd,chi_rho,eval_return_end_mean_mean,eval_return_end_mean_sd,eval_CSR_post_mean,eval_CSR_post_sd,eval_dbar_post_mean_mean,eval_dbar_post_mean_sd,final_update_counter_mean,final_update_counter_sd,final_energy_E_post_mean,final_energy_E_post_sd,final_depr_F_post_mean,final_depr_F_post_sd,final_vartd_VarTD_mean,final_vartd_VarTD_sd,alpha,family,mechanism,mechanism_tag,c_upd,z_cut,depr_lambda,depr_nu,depr_psi,support_mode,support_total,support_start_update,support_window_frac,borrow_limit,borrow_interest,total_timesteps,diag_n_seeds,late_g_eff_mean_mean,late_g_eff_mean_sd,late_g_raw_mean_mean,late_g_raw_mean_sd,late_alpha_g_eff_mean_mean,late_alpha_g_eff_mean_sd,late_debt_charge_mean_mean,late_debt_charge_mean_sd,late_margin_mean_mean,late_margin_mean_sd,late_break_even_alpha_est_mean,late_break_even_alpha_est_sd,late_debt_floor_frac_mean,late_debt_floor_frac_sd,late_negative_energy_frac_mean,late_negative_energy_frac_sd,late_debt_level_mean_mean,late_debt_level_mean_sd,late_update_u_mean_mean,late_update_u_mean_sd,late_cut_active_frac_mean,late_cut_active_frac_sd
12,313,0.014110756123535675,0.0016451394586084256,1.0,0.0,1.0,0.0,0.0,0.0,4.416666666666667,0.5149286505444371,4.0,0.0,2.7064838382704236e-06,-24.082374890645344,0.854691949612315,0.0041666665735344095,0.00792961443374689,0.5093955347935358,0.027646141000905074,14.25,2.050498830661811,-0.02320367198747893,0.17911489229865993,0.0,0.0,0.2880293515821298,0.0680218381158108,0.06,borrow,hardzero_only,hardzero_only__c0p58__z1p00__lam0p000__nu0p50__psi0p00,0.58,1.0,0.0,0.5,0.0,none,0.0,0,0.1,0.3,0.0,4000000,12,0.1337348639166667,0.009447523917636768,0.13378752416506412,0.009362619967299734,0.008024091835,0.0005668514350582058,0.0,0.0,0.008024091835,0.0005668514350582058,0.0,0.0,0.0,0.0,0.49732905982905984,0.02921076654446158,0.072925208028547,0.004955697898874306,0.01415598290598291,0.0016504123414885802,0.9994658119658121,0.001850481632018025
12,313,0.013578274760383388,0.0014449425458998256,1.0,0.0,1.0,0.0,0.0,0.0,4.25,0.45226701686664544,4.0,0.0,2.0878589609514697e-06,-23.756536324818928,0.7286050427233779,0.0024999999441206455,0.004522670067576898,0.49703096598386765,0.018803546850385638,14.25,2.050498830661811,0.07285619402925174,0.19614874386081393,0.0,0.0,0.2873264153798421,0.0660223896776424,0.061,borrow,hardzero_only,hardzero_only__c0p58__z1p00__lam0p000__nu0p50__psi0p00,0.58,1.0,0.0,0.5,0.0,none,0.0,0,0.1,0.3,0.0,4000000,12,0.13330656694391027,0.010239284639325042,0.1335913303616453,0.009584980813226403,0.008131700583578526,0.0006245963629988278,0.0,0.0,0.008131700583578526,0.0006245963629988278,0.0,0.0,0.0,0.0,0.48317307692307687,0.022503436471776224,0.06975254168863781,0.0035653844619794243,0.013621794871794872,0.0014495737720084786,0.9970619658119658,0.009214479659069448
12,313,0.015708200212992542,0.002135967806458535,1.0,0.0,1.0,0.0,0.0,0.0,4.916666666666667,0.6685579234215215,4.0,0.0,4.562358470227284e-06,-23.629597345987957,0.6126068116457998,0.0024999999441206455,0.006215815466146305,0.48712390412886936,0.021197356277405786,15.0,2.449489742783178,-0.12282240639130275,0.15041850800014808,0.0,0.0,0.3125956741472085,0.09621649127802315,0.063,borrow,hardzero_only,hardzero_only__c0p58__z1p00__lam0p000__nu0p50__psi0p00,0.58,1.0,0.0,0.5,0.0,none,0.0,0,0.1,0.3,0.0,4000000,12,0.13463320483707264,0.014194199139666916,0.13515060822355768,0.013222468684121396,0.008481891904735575,0.0008942345457990162,0.0,0.0,0.008481891904735575,0.0008942345457990162,0.0,0.0,0.0,0.0,0.49091880341880345,0.017169728409201102,0.07224198717031838,0.004024657581233108,0.015491452991452992,0.0018504816320180314,0.9946581196581197,0.01751970920952642
12,313,0.015175718849840253,0.0019858835798979586,1.0,0.0,1.0,0.0,0.0,0.0,4.75,0.621581560508061,3.9166666666666665,0.28867513459481287,3.943733592908331e-06,-24.013545989990234,0.6329416529819825,0.007499999832361937,0.011381803405186785,0.4975880409280459,0.01948305603107469,15.666666666666666,2.3868325657594203,0.023481004172936082,0.18739577502539334,0.0,0.0,0.3543724889556567,0.07581338566204075,0.064,borrow,hardzero_only,hardzero_only__c0p58__z1p00__lam0p000__nu0p50__psi0p00,0.58,1.0,0.0,0.5,0.0,none,0.0,0,0.1,0.3,0.0,4000000,12,0.13772486415411325,0.015042837830474214,0.1388340309553953,0.011848850547571729,0.008814391305863247,0.0009627416211503499,0.0,0.0,0.008814391305863247,0.0009627416211503499,0.0,0.0,0.0,0.0,0.4821047008547008,0.02690150419619413,0.06984159630221476,0.003732642209165776,0.015224358974358974,0.00199224859137199,0.9885149572649573,0.03978535508838766
12,313,0.015708200212992542,0.0016451394586084252,1.0,0.0,1.0,0.0,0.0,0.0,4.916666666666667,0.5149286505444373,4.0,0.0,2.7064838382704228e-06,-23.615917682647705,0.4159752811740766,0.0033333332588275275,0.00492365952912094,0.491149440407753,0.023397306275267926,16.083333333333332,2.108783937953269,-0.014381554909050465,0.17762946726103643,0.0,0.0,0.3797459937632084,0.11316877102901822,0.066,borrow,hardzero_only,hardzero_only__c0p58__z1p00__lam0p000__nu0p50__psi0p00,0.58,1.0,0.0,0.5,0.0,none,0.0,0,0.1,0.3,0.0,4000000,12,0.13680912168536327,0.011353696499669363,0.13686140566239316,0.011310423477607811,0.009029402031233974,0.0007493439689781779,0.0,0.0,0.009029402031233974,0.0007493439689781779,0.0,0.0,0.0,0.0,0.5016025641025642,0.02724787433742666,0.07272439462246262,0.004139435422533018,0.015758547008547008,0.0016504123414885809,0.9994658119658121,0.0012475944617973082
12,313,0.016240681576144833,0.0016451394586084256,1.0,0.0,1.0,0.0,0.0,0.0,5.083333333333333,0.5149286505444373,4.0,0.0,2.7064838382704236e-06,-23.817201137542725,0.677740305956384,0.0033333332588275275,0.008876253447586215,0.49402687946955365,0.022211134747057014,16.5,2.0670576365276494,-0.018606525224943955,0.1957189532756235,0.0,0.0,0.3950505269070466,0.10746914413409371,0.067,borrow,hardzero_only,hardzero_only__c0p58__z1p00__lam0p000__nu0p50__psi0p00,0.58,1.0,0.0,0.5,0.0,none,0.0,0,0.1,0.3,0.0,4000000,12,0.1414451175176282,0.010508191697975686,0.1414451175176282,0.010508191697975686,0.00947682287368109,0.0007040488437643709,0.0,0.0,0.00947682287368109,0.0007040488437643709,0.0,0.0,0.0,0.0,0.4898504273504274,0.018580363627701282,0.07094191110078792,0.003263801573624674,0.01629273504273504,0.0016504123414885813,1.0,0.0
12,313,0.01810436634717785,0.0015730541978189487,1.0,0.0,1.0,0.0,0.0,0.0,5.666666666666667,0.4923659639173309,4.0,0.0,2.474499509275816e-06,-23.77916606267293,0.6671275491145453,0.005833333202948173,0.006685579084780875,0.4955563023686409,0.01992578852543153,17.333333333333332,2.0597146021777486,-0.08908176918824513,0.14273820260947845,0.0,0.0,0.44964994490146637,0.12558852821820582,0.069,borrow,hardzero_only,hardzero_only__c0p58__z1p00__lam0p000__nu0p50__psi0p00,0.58,1.0,0.0,0.5,0.0,none,0.0,0,0.1,0.3,0.0,4000000,12,0.14392677132371795,0.009306278646649787,0.14392677132371795,0.009306278646649787,0.00993094722133654,0.0006421332266188354,0.0,0.0,0.00993094722133654,0.0006421332266188354,0.0,0.0,0.0,0.0,0.5037393162393162,0.025852613784905498,0.07406401282412126,0.0045009105425897495,0.01736111111111111,0.0016504123414885822,1.0,0.0
12,313,0.016506922257720977,0.0026672431627371303,1.0,0.0,1.0,0.0,0.0,0.0,5.166666666666667,0.8348471099367218,4.0,0.0,7.11418608916797e-06,-23.7007794380188,0.8507018605080361,0.0024999999441206455,0.004522670067576898,0.4881286422411601,0.018451425946088024,17.333333333333332,2.229281716090851,0.02692409884184599,0.2054753041563575,0.0,0.0,0.45733877271413803,0.15768497601354306,0.07,borrow,hardzero_only,hardzero_only__c0p58__z1p00__lam0p000__nu0p50__psi0p00,0.58,1.0,0.0,0.5,0.0,none,0.0,0,0.1,0.3,0.0,4000000,12,0.14010597669364314,0.009938440962464982,0.14010597669364314,0.009938440962464982,0.009807418368555023,0.0006956908673725488,0.0,0.0,0.009807418368555023,0.0006956908673725488,0.0,0.0,0.0,0.0,0.500801282051282,0.011525909385966492,0.07310897693093082,0.0027084256674546536,0.01655982905982906,0.002675792019027955,1.0,0.0
12,313,0.01730564430244941,0.0016451394586084256,1.0,0.0,1.0,0.0,0.0,0.0,5.416666666666667,0.5149286505444373,4.0,0.0,2.706483838270424e-06,-23.459757169087727,0.32832621508425325,0.0033333332588275275,0.004923659529120939,0.4861737787723541,0.02264080271727402,17.083333333333332,2.4293034292807376,-0.030050404369831085,0.16018960176188213,0.0,0.0,0.43442131330569583,0.1598568360185177,0.072,borrow,hardzero_only,hardzero_only__c0p58__z1p00__lam0p000__nu0p50__psi0p00,0.58,1.0,0.0,0.5,0.0,none,0.0,0,0.1,0.3,0.0,4000000,12,0.1396009241728098,0.009990936027775978,0.1396009241728098,0.009990936027775978,0.010051266540442307,0.0007193473939998706,0.0,0.0,0.010051266540442307,0.0007193473939998706,0.0,0.0,0.0,0.0,0.4970619658119657,0.013560955823312406,0.07241108916936004,0.0031168392875306505,0.01736111111111111,0.0016504123414885822,1.0,0.0
12,313,0.01810436634717785,0.0020809551031275705,1.0,0.0,1.0,0.0,0.0,0.0,5.666666666666667,0.6513389472789296,4.0,0.0,4.330374141232678e-06,-23.713456630706787,0.5956163119603686,0.0041666665735344095,0.006685579084780873,0.5087926462292671,0.028209759653281118,18.166666666666668,2.2087978356535665,0.07721502582232158,0.18039960790030882,0.0,0.0,0.514019618431727,0.16547532967077805,0.073,borrow,hardzero_only,hardzero_only__c0p58__z1p00__lam0p000__nu0p50__psi0p00,0.58,1.0,0.0,0.5,0.0,none,0.0,0,0.1,0.3,0.0,4000000,12,0.14359418658947648,0.010316365460845498,0.14359418658947648,0.010316365460845498,0.010482375621031784,0.0007530946786417212,0.0,0.0,0.010482375621031784,0.0007530946786417212,0.0,0.0,0.0,0.0,0.49198717948717946,0.02388744326230719,0.07095068534376255,0.003920683648799404,0.017628205128205125,0.0021608969950744953,1.0,0.0
12,313,0.018370607028753993,0.0019858835798979586,1.0,0.0,1.0,0.0,0.0,0.0,5.75,0.621581560508061,4.0,0.0,3.943733592908332e-06,-23.88203001022339,0.5491508710427384,0.004999999888241291,0.009999999776482582,0.4971971834699313,0.019267542492507318,18.916666666666668,2.1933093855190746,0.00028034547964731854,0.19430160306533273,0.0,0.0,0.5613534400860468,0.16391531449763572,0.075,borrow,hardzero_only,hardzero_only__c0p58__z1p00__lam0p000__nu0p50__psi0p00,0.58,1.0,0.0,0.5,0.0,none,0.0,0,0.1,0.3,0.0,4000000,12,0.14409184939743588,0.009266888138752464,0.14409184939743588,0.009266888138752464,0.010806888704807692,0.0006950166104064348,0.0,0.0,0.010806888704807692,0.0006950166104064348,0.0,0.0,0.0,0.0,0.4943910256410257,0.01663329319563109,0.07129617230284106,0.0024062872035952184,0.01842948717948718,0.001992248591371991,1.0,0.0
12,313,0.019169329073482424,0.0019265900611997674,1.0,0.0,1.0,0.0,0.0,0.0,6.0,0.6030226891555273,4.0,0.0,3.7117492639137237e-06,-23.90915584564209,0.519542828117477,0.0033333332588275275,0.004923659529120939,0.49441729734341305,0.013244780760774953,19.083333333333332,1.9752253419585197,0.01245015145589908,0.18888194294493815,0.0,0.0,0.5807730009158453,0.16570199493329665,0.076,borrow,hardzero_only,hardzero_only__c0p58__z1p00__lam0p000__nu0p50__psi0p00,0.58,1.0,0.0,0.5,0.0,none,0.0,0,0.1,0.3,0.0,4000000,12,0.14610537950320515,0.007482630612237804,0.14610537950320515,0.007482630612237804,0.011104008842243588,0.0005686799265300729,0.0,0.0,0.011104008842243588,0.0005686799265300729,0.0,0.0,0.0,0.0,0.48985042735042733,0.019027349408195653,0.0716542881753499,0.0030493027074698837,0.019230769230769232,0.001932765029344639,1.0,0.0
12,313,0.0207667731629393,0.001668475935677615,1.0,0.0,1.0,0.0,0.0,0.0,6.5,0.5222329678670935,4.0,0.0,2.7838119479352927e-06,-23.76526149113973,0.6148954709800893,0.004999999888241291,0.0052223295619427705,0.49809689074754715,0.026586169569688855,20.666666666666668,2.188122205883115,-0.09774222131818533,0.1601294253570104,0.0,0.0,0.7272743955254555,0.1844421176342165,0.078,borrow,hardzero_only,hardzero_only__c0p58__z1p00__lam0p000__nu0p50__psi0p00,0.58,1.0,0.0,0.5,0.0,none,0.0,0,0.1,0.3,0.0,4000000,12,0.1508262432232906,0.009416972220691544,0.1508262432232906,0.009416972220691544,0.011764446971416667,0.0007345238332139404,0.0,0.0,0.011764446971416667,0.0007345238332139404,0.0,0.0,0.0,0.0,0.4954594017094018,0.018910421028348584,0.0712128753448531,0.0028109566888633564,0.020566239316239316,0.0016504123414885802,1.0,0.0
12,313,0.019435569755058574,0.0016451394586084254,1.0,0.0,1.0,0.0,0.0,0.0,6.083333333333333,0.5149286505444373,4.0,0.0,2.706483838270423e-06,-23.573161602020264,0.5604008023913123,0.0041666665735344095,0.00792961443374689,0.49848592032988864,0.017168969087885604,20.166666666666668,1.9462473604038075,0.03518298718457421,0.18761401500811514,0.0,0.0,0.6808126643300056,0.1579795304409821,0.079,borrow,hardzero_only,hardzero_only__c0p58__z1p00__lam0p000__nu0p50__psi0p00,0.58,1.0,0.0,0.5,0.0,none,0.0,0,0.1,0.3,0.0,4000000,12,0.14681731805982906,0.008162544969389316,0.14681731805982906,0.008162544969389316,0.011598568126726496,0.0006448410525817561,0.0,0.0,0.011598568126726496,0.0006448410525817561,0.0,0.0,0.0,0.0,0.5013354700854701,0.016819405765253922,0.07215661962486111,0.00304540763443755,0.019497863247863248,0.0016504123414885809,1.0,0.0
12,313,0.020500532481363153,0.002135967806458535,1.0,0.0,1.0,0.0,0.0,0.0,6.416666666666667,0.6685579234215215,4.0,0.0,4.562358470227285e-06,-23.688647111256916,0.6610430401635093,0.0041666665735344095,0.00514928639034885,0.4915825327237447,0.018556389989118852,20.166666666666668,2.6911752530120077,-0.008202037153144678,0.1502061537145021,0.0,0.0,0.6971938932935396,0.2803893878310233,0.081,borrow,hardzero_only,hardzero_only__c0p58__z1p00__lam0p000__nu0p50__psi0p00,0.58,1.0,0.0,0.5,0.0,none,0.0,0,0.1,0.3,0.0,4000000,12,0.1442184592411859,0.011759841196079571,0.14424501947622861,0.01170877352380662,0.011681695198536056,0.0009525471368824454,0.0,0.0,0.011681695198536056,0.0009525471368824454,0.0,0.0,0.0,0.0,0.49492521367521364,0.015964822434224715,0.07172843524553954,0.003693313075342113,0.020566239316239316,0.0021428138571202605,0.999732905982906,0.0009252408160090122
12,313,0.021033013844515443,0.0025334231983985913,1.0,0.0,1.0,0.0,0.0,0.0,6.583333333333333,0.7929614610987591,4.0,0.0,6.418233102184148e-06,-23.34696324666341,0.7523076077652435,0.0033333332588275275,0.00492365952912094,0.4977509652574857,0.010342427010989932,20.833333333333332,3.485902343944126,0.013063845535119375,0.20405301249407692,0.0,0.0,0.7686881969372431,0.3198438569288408,0.082,borrow,hardzero_only,hardzero_only__c0p58__z1p00__lam0p000__nu0p50__psi0p00,0.58,1.0,0.0,0.5,0.0,none,0.0,0,0.1,0.3,0.0,4000000,12,0.14676926241826924,0.014640592218289691,0.1468724304054487,0.014446160480436608,0.012035079518298077,0.0012005285618997548,0.0,0.0,0.012035079518298077,0.0012005285618997548,0.0,0.0,0.0,0.0,0.4906517094017094,0.011871829903905645,0.07093009219654647,0.003308113629182913,0.02110042735042735,0.0025415431445473045,0.9989316239316239,0.003700963264036049
12,313,0.022896698615548456,0.0012436085369992378,1.0,0.0,1.0,0.0,0.0,0.0,7.166666666666667,0.3892494720807615,4.0,0.0,1.5465621932973845e-06,-23.539639790852863,0.756669770149431,0.006666666517655055,0.007784989267607156,0.49806182583173114,0.014944940184773948,22.416666666666668,1.8319554050414564,-0.06283115029024582,0.1665231128978415,0.0,0.0,0.9020176480213801,0.20310375798152616,0.084,borrow,hardzero_only,hardzero_only__c0p58__z1p00__lam0p000__nu0p50__psi0p00,0.58,1.0,0.0,0.5,0.0,none,0.0,0,0.1,0.3,0.0,4000000,12,0.15507693102029915,0.009577820591461669,0.15507693102029915,0.009577820591461669,0.013026462205705129,0.0008045369296827799,0.0,0.0,0.013026462205705129,0.0008045369296827799,0.0,0.0,0.0,0.0,0.48985042735042733,0.01309677104900393,0.07049164797540064,0.002204315637800334,0.022970085470085472,0.001247594461797312,1.0,0.0
12,313,0.02263045793397231,0.002135967806458535,1.0,0.0,1.0,0.0,0.0,0.0,7.083333333333333,0.6685579234215215,4.0,0.0,4.562358470227285e-06,-23.76994260152181,0.7187813133670117,0.0041666665735344095,0.00792961443374689,0.4978488211830457,0.02894918706351805,22.583333333333332,2.2746961169005466,0.04194378604491552,0.18192193539610174,0.0,0.0,0.9413241644700369,0.2620434297750793,0.085,borrow,hardzero_only,hardzero_only__c0p58__z1p00__lam0p000__nu0p50__psi0p00,0.58,1.0,0.0,0.5,0.0,none,0.0,0,0.1,0.3,0.0,4000000,12,0.15341211200801283,0.009793222162844869,0.15341211200801283,0.009793222162844869,0.013040029520681095,0.0008324238838418136,0.0,0.0,0.013040029520681095,0.0008324238838418136,0.0,0.0,0.0,0.0,0.49545940170940167,0.017203689796132623,0.07114168770136539,0.0028437207195354712,0.022702991452991452,0.00214281385712026,1.0,0.0
12,313,0.0231629392971246,0.0014449425458998256,1.0,0.0,1.0,0.0,0.0,0.0,7.25,0.45226701686664544,4.0,0.0,2.0878589609514697e-06,-23.621898810068767,0.6678632624634525,0.004999999888241291,0.0067419984739370085,0.4929731786251068,0.01632506332969681,22.916666666666668,1.9752253419585197,0.01234029916425546,0.14376464686245846,0.0,0.0,0.9744783341884613,0.23308757220866758,0.087,borrow,hardzero_only,hardzero_only__c0p58__z1p00__lam0p000__nu0p50__psi0p00,0.58,1.0,0.0,0.5,0.0,none,0.0,0,0.1,0.3,0.0,4000000,12,0.15451254148878205,0.008452787262978349,0.15451254148878205,0.008452787262978349,0.013442591109524038,0.0007353924918791162,0.0,0.0,0.013442591109524038,0.0007353924918791162,0.0,0.0,0.0,0.0,0.4911858974358975,0.016292934068357797,0.06991826787283013,0.0023779972139892683,0.023237179487179488,0.0014495737720084786,1.0,0.0
12,313,0.023961661341853038,0.001668475935677615,1.0,0.0,1.0,0.0,0.0,0.0,7.5,0.5222329678670935,4.0,0.0,2.7838119479352927e-06,-23.60710922876994,0.4974485397486219,0.006666666517655055,0.006513389327203696,0.4916344831387202,0.014107110007004181,23.5,2.3159525823376357,-0.05226669522623221,0.14581288357016062,0.0,0.0,1.026232863465945,0.26052618966398905,0.088,borrow,hardzero_only,hardzero_only__c0p58__z1p00__lam0p000__nu0p50__psi0p00,0.58,1.0,0.0,0.5,0.0,none,0.0,0,0.1,0.3,0.0,4000000,12,0.1547127687176816,0.01001166629304763,0.1547127687176816,0.01001166629304763,0.013614723647155984,0.0008810266337881913,0.0,0.0,0.013614723647155984,0.0008810266337881913,0.0,0.0,0.0,0.0,0.49492521367521364,0.01815453575637438,0.07084526464151976,0.003509712862796258,0.023771367521367517,0.00214281385712026,1.0,0.0
12,313,0.023695420660276894,0.0016451394586084256,1.0,0.0,1.0,0.0,0.0,0.0,7.416666666666667,0.5149286505444371,4.0,0.0,2.7064838382704236e-06,-23.48975118001302,0.774036710403945,0.0033333332588275275,0.004923659529120939,0.500581348935763,0.025025390510133447,23.916666666666668,2.6443192398846707,-0.04445298326512178,0.18233446150446855,0.0,0.0,1.0692674368619919,0.29326933462240085,0.09,borrow,hardzero_only,hardzero_only__c0p58__z1p00__lam0p000__nu0p50__psi0p00,0.58,1.0,0.0,0.5,0.0,none,0.0,0,0.1,0.3,0.0,4000000,12,0.15297275253338674,0.01030854761709147,0.15297275253338674,0.01030854761709147,0.013767547728004806,0.000927769285538232,0.0,0.0,0.013767547728004806,0.000927769285538232,0.0,0.0,0.0,0.0,0.48985042735042733,0.014581385364747085,0.06997296339954061,0.0023845233906006577,0.0235042735042735,0.001578096038196573,1.0,0.0
12,313,0.025825346112886047,0.0009222847750633,1.0,0.0,1.0,0.0,0.0,0.0,8.083333333333334,0.28867513459481287,4.0,0.0,8.506092063135619e-07,-23.521295706431072,0.43813610719964013,0.0041666665735344095,0.00514928639034885,0.496641310552756,0.01742109713804171,25.5,2.23606797749979,-0.09726586953426401,0.12099282158180591,0.0,0.0,1.2886261343955994,0.29835113397653157,0.093,borrow,hardzero_only,hardzero_only__c0p58__z1p00__lam0p000__nu0p50__psi0p00,0.58,1.0,0.0,0.5,0.0,none,0.0,0,0.1,0.3,0.0,4000000,12,0.1586363715849359,0.007964369984255567,0.1586363715849359,0.007964369984255567,0.014753182557399038,0.0007406864085357674,0.0,0.0,0.014753182557399038,0.0007406864085357674,0.0,0.0,0.0,0.0,0.48985042735042733,0.01392619459371342,0.07013162446530982,0.002228117463940171,0.02590811965811966,0.0009252408160090166,1.0,0.0
12,313,0.02662406815761448,0.0020809551031275705,1.0,0.0,1.0,0.0,0.0,0.0,8.333333333333334,0.6513389472789296,4.0,0.0,4.330374141232678e-06,-23.376357078552246,0.5623308018741647,0.0033333332588275275,0.00492365952912094,0.4856016089518865,0.01665741349841868,26.75,2.490892501603683,-0.041622716933488846,0.19543846680586993,0.0,0.0,1.4507769743601482,0.35963228176903467,0.096,borrow,hardzero_only,hardzero_only__c0p58__z1p00__lam0p000__nu0p50__psi0p00,0.58,1.0,0.0,0.5,0.0,none,0.0,0,0.1,0.3,0.0,4000000,12,0.15996836709294873,0.011160006906391873,0.15996836709294873,0.011160006906391873,0.015356963240923076,0.00107136066301362,0.0,0.0,0.015356963240923076,0.00107136066301362,0.0,0.0,0.0,0.0,0.48317307692307687,0.011766476029869629,0.06888588373922543,0.0021833414917778143,0.02670940170940171,0.0020876248310222113,1.0,0.0
12,313,0.027955271565495207,0.0014449425458998256,1.0,0.0,1.0,0.0,0.0,0.0,8.75,0.45226701686664544,4.0,0.0,2.0878589609514697e-06,-23.566435019175213,0.4339111000662539,0.0008333333147068819,0.0028867512814242076,0.4852740789453189,0.02090630047546856,27.416666666666668,2.6097137890209456,-0.08639133721590042,0.14396875584690091,0.0,0.0,1.5656696756680806,0.34759301325684694,0.099,borrow,hardzero_only,hardzero_only__c0p58__z1p00__lam0p000__nu0p50__psi0p00,0.58,1.0,0.0,0.5,0.0,none,0.0,0,0.1,0.3,0.0,4000000,12,0.16057384329220087,0.010182379283069101,0.16057384329220087,0.010182379283069101,0.01589681048592789,0.0010080555490238408,0.0,0.0,0.01589681048592789,0.0010080555490238408,0.0,0.0,0.0,0.0,0.49011752136752135,0.014428471752860892,0.0699849896362134,0.0023226459007801253,0.028044871794871796,0.0014495737720084802,1.0,0.0
12,313,0.028487752928647494,0.0016451394586084252,1.0,0.0,1.0,0.0,0.0,0.0,8.916666666666666,0.5149286505444373,4.0,0.0,2.7064838382704228e-06,-23.425555388132732,0.7351071430006032,0.0041666665735344095,0.006685579084780874,0.49003193775812787,0.021399379530174317,28.416666666666668,2.429303429280737,-0.014225239555040995,0.22259637964749804,0.0,0.0,1.7095972001552582,0.3139980836011756,0.102,borrow,hardzero_only,hardzero_only__c0p58__z1p00__lam0p000__nu0p50__psi0p00,0.58,1.0,0.0,0.5,0.0,none,0.0,0,0.1,0.3,0.0,4000000,12,0.16247304439636748,0.006764638782372433,0.16247304439636748,0.006764638782372433,0.016572250528429488,0.000689993155801988,0.0,0.0,0.016572250528429488,0.000689993155801988,0.0,0.0,0.0,0.0,0.48263888888888884,0.010268998442400373,0.06841016335671742,0.0015163996839258097,0.028579059829059828,0.0016504123414885809,1.0,0.0
12,313,0.029552715654952072,0.0024082375764997097,1.0,0.0,1.0,0.0,0.0,0.0,9.25,0.7537783614444091,4.0,0.0,5.799608224865194e-06,-23.25890811284383,0.6581411007477426,0.0008333333147068819,0.0028867512814242076,0.490100900332133,0.015373915511312728,29.5,3.2333489534143163,0.010777951839069525,0.1407622337959874,0.0,0.0,1.8290362159411113,0.4350066528097682,0.105,borrow,hardzero_only,hardzero_only__c0p58__z1p00__lam0p000__nu0p50__psi0p00,0.58,1.0,0.0,0.5,0.0,none,0.0,0,0.1,0.3,0.0,4000000,12,0.16260940764289528,0.008269497825726653,0.16260940764289528,0.008269497825726653,0.017073987802504006,0.0008682972717012986,0.0,0.0,0.017073987802504006,0.0008682972717012986,0.0,0.0,0.0,0.0,0.4890491452991452,0.011950235796694427,0.06928086484169338,0.0019256940393002576,0.0296474358974359,0.002415956286680797,1.0,0.0
12,313,0.030617678381256657,0.0016451394586084256,1.0,0.0,1.0,0.0,0.0,0.0,9.583333333333334,0.5149286505444373,4.0,0.0,2.7064838382704236e-06,-23.48228391011556,0.723483838935811,0.005833333202948173,0.006685579084780875,0.4918035939335823,0.020471203359100718,30.833333333333332,2.32900030576263,-0.016547860267261665,0.1686994280109633,0.0,0.0,2.0931156476338706,0.3500786227451097,0.108,borrow,hardzero_only,hardzero_only__c0p58__z1p00__lam0p000__nu0p50__psi0p00,0.58,1.0,0.0,0.5,0.0,none,0.0,0,0.1,0.3,0.0,4000000,12,0.16625072592147436,0.007326640117213937,0.16625072592147436,0.007326640117213937,0.01795507839951923,0.0007912771326591048,0.0,0.0,0.01795507839951923,0.0007912771326591048,0.0,0.0,0.0,0.0,0.48317307692307687,0.008870212377557552,0.06807922899715811,0.0015399228691394312,0.030715811965811968,0.0016504123414885787,1.0,0.0
12,313,0.032481363152289666,0.0018445695501266,1.0,0.0,1.0,0.0,0.0,0.0,10.166666666666666,0.5773502691896258,4.0,0.0,3.4024368252542474e-06,-23.499390443166096,0.5436337408463567,0.0041666665735344095,0.006685579084780874,0.48865287005901337,0.014687264084245208,32.583333333333336,2.810963384947437,0.014988229454805454,0.16334996628789727,0.0,0.0,2.393306960662206,0.4445603800639561,0.114,borrow,hardzero_only,hardzero_only__c0p58__z1p00__lam0p000__nu0p50__psi0p00,0.58,1.0,0.0,0.5,0.0,none,0.0,0,0.1,0.3,0.0,4000000,12,0.16574363141559828,0.005763881044027881,0.16574363141559828,0.005763881044027881,0.0188947739813782,0.0006570824390191781,0.0,0.0,0.0188947739813782,0.0006570824390191781,0.0,0.0,0.0,0.0,0.48504273504273493,0.01375752230740152,0.06813203460759618,0.0027347345461943137,0.03258547008547008,0.0018504816320180314,1.0,0.0
12,313,0.034611288604898836,0.0018445695501265996,1.0,0.0,1.0,0.0,0.0,0.0,10.833333333333334,0.5773502691896258,4.0,0.0,3.4024368252542457e-06,-23.590248902638752,0.5600198716362317,0.006666666517655055,0.007784989267607155,0.48981563995281857,0.0184122666478514,35.0,2.9848100289785457,0.002849956974387169,0.09991108108440308,0.0,0.0,2.810265600681305,0.5006044365208012,0.12,borrow,hardzero_only,hardzero_only__c0p58__z1p00__lam0p000__nu0p50__psi0p00,0.58,1.0,0.0,0.5,0.0,none,0.0,0,0.1,0.3,0.0,4000000,12,0.16838350480502137,0.008502255728408402,0.16838350480502137,0.008502255728408402,0.020206020576602566,0.001020270687409008,0.0,0.0,0.020206020576602566,0.001020270687409008,0.0,0.0,0.0,0.0,0.48584401709401703,0.006619308735976219,0.06760619319918643,0.001588864556627949,0.03472222222222222,0.0018504816320180331,1.0,0.0
12,313,0.03780617678381257,0.002293100838866688,1.0,0.0,1.0,0.0,0.0,0.0,11.833333333333334,0.7177405625652735,4.0,0.0,5.258311457211108e-06,-23.41096083323161,0.632996931748338,0.0016666666294137638,0.003892494633803578,0.4915050193667412,0.01792630177479201,37.916666666666664,3.146667308679955,0.02243396422515313,0.14486863473427009,0.0,0.0,3.2738771041234336,0.5176363703371325,0.126,borrow,hardzero_only,hardzero_only__c0p58__z1p00__lam0p000__nu0p50__psi0p00,0.58,1.0,0.0,0.5,0.0,none,0.0,0,0.1,0.3,0.0,4000000,12,0.17359129624465816,0.008547179558106755,0.17359129624465816,0.008547179558106755,0.021872503326826925,0.0010769446243214511,0.0,0.0,0.021872503326826925,0.0010769446243214511,0.0,0.0,0.0,0.0,0.48210470085470086,0.009414999524485504,0.06720700530780048,0.001790020693413057,0.03766025641025641,0.0019922485913719903,1.0,0.0
12,313,0.03887113951011715,0.0018445695501265998,1.0,0.0,1.0,0.0,0.0,0.0,12.166666666666666,0.5773502691896258,4.0,0.0,3.402436825254247e-06,-23.17991288503011,0.47617070124936717,0.007499999832361937,0.009653072775871234,0.48058730115493137,0.01856612900409812,38.583333333333336,3.4498572653828963,0.056700369187941156,0.17897374185392995,0.0,0.0,3.372560362021128,0.5858273969886879,0.132,borrow,hardzero_only,hardzero_only__c0p58__z1p00__lam0p000__nu0p50__psi0p00,0.58,1.0,0.0,0.5,0.0,none,0.0,0,0.1,0.3,0.0,4000000,12,0.16971326372329062,0.007821616576793018,0.16971326372329062,0.007821616576793018,0.022402150811474356,0.0010324533881366784,0.0,0.0,0.022402150811474356,0.0010324533881366784,0.0,0.0,0.0,0.0,0.4783653846153846,0.010147016404059352,0.06632601489118857,0.0014521996449652803,0.03872863247863247,0.0016504123414885798,1.0,0.0
12,313,0.03966986155484558,0.002135967806458535,1.0,0.0,1.0,0.0,0.0,0.0,12.416666666666666,0.6685579234215215,4.0,0.0,4.562358470227285e-06,-23.180516719818115,0.8335155838005783,0.0033333332588275275,0.007784989267607156,0.48740532994270325,0.014972143682584841,40.916666666666664,3.5021638332824345,-0.004848318640142679,0.21971203545608753,0.0,0.0,3.7678340673446655,0.6009522223489863,0.138,borrow,hardzero_only,hardzero_only__c0p58__z1p00__lam0p000__nu0p50__psi0p00,0.58,1.0,0.0,0.5,0.0,none,0.0,0,0.1,0.3,0.0,4000000,12,0.16730691900000003,0.007972847539698302,0.16730691900000003,0.007972847539698302,0.023088354822,0.0011002529604783658,0.0,0.0,0.023088354822,0.0011002529604783658,0.0,0.0,0.0,0.0,0.47462606837606836,0.009009498028677674,0.06556182334107906,0.0018552705914224774,0.03952991452991453,0.0020876248310222087,1.0,0.0
12,313,0.04313099041533546,0.00215399317080908,1.0,0.0,1.0,0.0,0.0,0.0,13.5,0.674199862463242,4.0,0.0,4.639686579892155e-06,-23.225764910380047,0.5662658581877483,0.004999999888241291,0.0052223295619427705,0.48765359818935394,0.01742108469470081,43.333333333333336,3.0550504633038935,-0.02900230698287487,0.13255439227692206,0.0,0.0,4.155955890814464,0.4814344464593953,0.144,borrow,hardzero_only,hardzero_only__c0p58__z1p00__lam0p000__nu0p50__psi0p00,0.58,1.0,0.0,0.5,0.0,none,0.0,0,0.1,0.3,0.0,4000000,12,0.17276572703525642,0.007490632463166176,0.17276572703525642,0.007490632463166176,0.024878264693076923,0.001078651074695929,0.0,0.0,0.024878264693076923,0.001078651074695929,0.0,0.0,0.0,0.0,0.4759615384615385,0.008479972150848041,0.06571978114648504,0.0016662754893856711,0.043269230769230775,0.002160896995074494,1.0,0.0
12,313,0.04472843450479233,0.0019265900611997674,1.0,0.0,1.0,0.0,0.0,0.0,14.0,0.6030226891555273,4.0,0.0,3.7117492639137237e-06,-23.382378260294598,0.48997636852468895,0.0033333332588275275,0.006513389327203697,0.4927675848205884,0.0211404919502618,46.083333333333336,3.1466673086799553,0.06781271969278653,0.18792526994362926,0.0,0.0,4.583732942740123,0.42840340150534445,0.15,borrow,hardzero_only,hardzero_only__c0p58__z1p00__lam0p000__nu0p50__psi0p00,0.58,1.0,0.0,0.5,0.0,none,0.0,0,0.1,0.3,0.0,4000000,12,0.17328591961004272,0.006134060332232636,0.17328591961004272,0.006134060332232636,0.02599288794150641,0.0009201090498348957,0.0,0.0,0.02599288794150641,0.0009201090498348957,0.0,0.0,0.0,0.0,0.4679487179487179,0.006968683416725754,0.06406395033186592,0.001834392575301338,0.04460470085470086,0.0021428138571202627,1.0,0.0
12,313,0.047390841320553774,0.0026672431627371303,1.0,0.0,1.0,0.0,0.0,0.0,14.833333333333334,0.834847109936722,4.0,0.0,7.11418608916797e-06,-22.89483133951823,0.9091106570407226,0.0033333332588275275,0.00492365952912094,0.48460717995961505,0.021012544194406377,47.583333333333336,3.342789617107608,-0.047836795138816036,0.15245681377121167,0.0,0.0,4.77343072493871,0.44148376678380413,0.156,borrow,hardzero_only,hardzero_only__c0p58__z1p00__lam0p000__nu0p50__psi0p00,0.58,1.0,0.0,0.5,0.0,none,0.0,0,0.1,0.3,0.0,4000000,12,0.1742786373397436,0.007505588330143619,0.1742786373397436,0.007505588330143619,0.027187467425000004,0.0011708717795024053,0.0,0.0,0.027187467425000004,0.0011708717795024053,0.0,0.0,0.0,0.0,0.4732905982905982,0.006878761153700765,0.06475163489733975,0.0010150132073282342,0.04754273504273505,0.0026757920190279547,1.0,0.0
12,313,0.04898828541001065,0.0020809551031275705,1.0,0.0,1.0,0.0,0.0,0.0,15.333333333333334,0.6513389472789296,4.0,0.0,4.330374141232678e-06,-23.24005587895711,0.7370906107401662,0.0024999999441206455,0.006215815466146305,0.4962689553697904,0.027473373548685356,50.5,3.5032452487268535,-0.010947912000119686,0.17164399852014353,0.0,0.0,5.049335837364197,0.3242499909172382,0.162,borrow,hardzero_only,hardzero_only__c0p58__z1p00__lam0p000__nu0p50__psi0p00,0.58,1.0,0.0,0.5,0.0,none,0.0,0,0.1,0.3,0.0,4000000,12,0.17412510724091879,0.004571927806825669,0.17412510724091879,0.004571927806825669,0.02820826737302885,0.0007406523047057583,0.0,0.0,0.02820826737302885,0.0007406523047057583,0.0,0.0,0.0,0.0,0.47008547008547014,0.006741629230411139,0.06428551693299679,0.0010256416741983808,0.04887820512820514,0.0019922485913719894,1.0,0.0
12,313,0.04978700745473908,0.0025334231983985913,1.0,0.0,1.0,0.0,0.0,0.0,15.583333333333334,0.7929614610987591,4.0,0.0,6.418233102184147e-06,-22.69753662745158,0.634431966389243,0.009999999776482582,0.007385489293681411,0.48244425654411316,0.022471112378320304,51.833333333333336,4.365845400447211,0.13115700582663217,0.1561436813436982,0.0,0.0,5.077677706877391,0.38291307110061684,0.168,borrow,hardzero_only,hardzero_only__c0p58__z1p00__lam0p000__nu0p50__psi0p00,0.58,1.0,0.0,0.5,0.0,none,0.0,0,0.1,0.3,0.0,4000000,12,0.17468871641826925,0.007934567694086545,0.17468871641826925,0.007934567694086545,0.029347704358269236,0.00133300737260654,0.0,0.0,0.029347704358269236,0.00133300737260654,0.0,0.0,0.0,0.0,0.4634081196581196,0.007029837774099606,0.06259974846772116,0.001840904449180553,0.049946581196581206,0.0025415431445473037,1.0,0.0
12,313,0.052715654952076675,0.0021539931708090803,1.0,0.0,1.0,0.0,0.0,0.0,16.5,0.674199862463242,4.0,0.0,4.639686579892156e-06,-22.97218894958496,0.8845199823226175,0.0041666665735344095,0.006685579084780873,0.489926112194856,0.024327026409762063,55.083333333333336,3.6793856535947396,0.006964615856607755,0.1632823175826127,0.0,0.0,5.236644546190898,0.24780923737466753,0.174,borrow,hardzero_only,hardzero_only__c0p58__z1p00__lam0p000__nu0p50__psi0p00,0.58,1.0,0.0,0.5,0.0,none,0.0,0,0.1,0.3,0.0,4000000,12,0.17597330118055554,0.005639388590773074,0.17597330118055554,0.005639388590773074,0.03061935440541666,0.0009812536147945144,0.0,0.0,0.03061935440541666,0.0009812536147945144,0.0,0.0,0.0,0.0,0.4647435897435897,0.008534859274986489,0.06279602388908732,0.0015434198747298347,0.052617521367521375,0.0021428138571202627,1.0,0.0
12,313,0.05404685835995741,0.0016451394586084256,1.0,0.0,1.0,0.0,0.0,0.0,16.916666666666668,0.5149286505444371,4.0,0.0,2.7064838382704236e-06,-22.782572587331135,0.8843053900008228,0.0024999999441206455,0.004522670067576898,0.5164755706985792,0.02603358006129724,57.083333333333336,2.968266507678524,0.015546373557299376,0.1792902213621349,0.0,0.0,5.517216245333354,0.20482111556225255,0.18,borrow,hardzero_only,hardzero_only__c0p58__z1p00__lam0p000__nu0p50__psi0p00,0.58,1.0,0.0,0.5,0.0,none,0.0,0,0.1,0.3,0.0,4000000,12,0.17412788147168803,0.004237502469493713,0.17412788147168803,0.004237502469493713,0.03134301866490384,0.0007627504445088677,0.0,0.0,0.03134301866490384,0.0007627504445088677,0.0,0.0,0.0,0.0,0.4610042735042735,0.00783107798962752,0.0620137792522516,0.0013432945405737358,0.05395299145299146,0.001850481632018033,1.0,0.0
12,313,0.05830670926517572,0.0030840488791163668,1.0,0.0,1.0,0.0,0.0,0.0,18.25,0.9653072991634227,4.0,0.0,9.511357488778918e-06,-23.07343641916911,1.332330473949026,0.008333333147068819,0.011934162562047773,0.5353301540017128,0.11918440305845909,61.916666666666664,4.294993561924127,0.06874716157714526,0.15246080822882843,0.0,0.0,5.348283131917317,0.26306154335333126,0.192,borrow,hardzero_only,hardzero_only__c0p58__z1p00__lam0p000__nu0p50__psi0p00,0.58,1.0,0.0,0.5,0.0,none,0.0,0,0.1,0.3,0.0,4000000,12,0.17737289215811966,0.007374351330144324,0.17737289215811966,0.007374351330144324,0.03405559529435897,0.0014158754553877096,0.0,0.0,0.03405559529435897,0.0014158754553877096,0.0,0.0,0.0,0.0,0.45913461538461536,0.014406880312776316,0.06093983680404135,0.0022429451970631255,0.058226495726495735,0.0033008246829771604,1.0,0.0
12,313,0.0612353567625133,0.002293100838866688,1.0,0.0,1.0,0.0,0.0,0.0,19.166666666666668,0.7177405625652734,4.0,0.0,5.258311457211108e-06,-23.000196139017742,0.6371494954900906,0.0016666666294137638,0.0038924946338035784,0.5046054025491079,0.03096107593164727,66.25,3.1079078025403053,-0.005762255129714807,0.16244035940772775,0.0,0.0,5.524105628331502,0.2979640510520943,0.204,borrow,hardzero_only,hardzero_only__c0p58__z1p00__lam0p000__nu0p50__psi0p00,0.58,1.0,0.0,0.5,0.0,none,0.0,0,0.1,0.3,0.0,4000000,12,0.17438668857638887,0.0064728336574214635,0.17438668857638887,0.0064728336574214635,0.035574884469583325,0.0013204580661139787,0.0,0.0,0.035574884469583325,0.0013204580661139787,0.0,0.0,0.0,0.0,0.45699786324786323,0.006619308735976225,0.060591269894378734,0.00138828443691098,0.06116452991452992,0.002142813857120258,1.0,0.0
12,313,0.06522896698615549,0.003720447772783754,1.0,0.0,1.0,0.0,0.0,0.0,20.416666666666668,1.1645001528813153,4.0,0.0,1.3841731630011596e-05,-22.65440098444621,1.0431603046119147,0.0016666666294137638,0.003892494633803578,0.5188028489549955,0.06162386030827362,70.33333333333333,3.1718458443950364,0.017083191002408665,0.17990731351880007,0.0,0.0,5.476202607154846,0.2717703679235772,0.216,borrow,hardzero_only,hardzero_only__c0p58__z1p00__lam0p000__nu0p50__psi0p00,0.58,1.0,0.0,0.5,0.0,none,0.0,0,0.1,0.3,0.0,4000000,12,0.1748201654807692,0.010407866928761339,0.1748201654807692,0.010407866928761339,0.037761155743846156,0.002248099256612451,0.0,0.0,0.037761155743846156,0.002248099256612451,0.0,0.0,0.0,0.0,0.4543269230769231,0.006985414973622879,0.05950728932035257,0.0012751351347283426,0.06543803418803418,0.003732372284876009,1.0,0.0
12,313,0.06895633652822152,0.005852892667864078,1.0,0.0,1.0,0.0,0.0,0.0,21.583333333333332,1.8319554050414566,4.0,0.0,3.425635258153708e-05,-23.088011582692463,1.5809343148450463,0.0008333333147068819,0.002886751281424208,0.5389712403217951,0.06964994296925024,76.16666666666667,2.4802248187442912,0.07063569221645594,0.15136404455815977,0.0,0.0,5.195636351903279,0.583128264452852,0.228,borrow,hardzero_only,hardzero_only__c0p58__z1p00__lam0p000__nu0p50__psi0p00,0.58,1.0,0.0,0.5,0.0,none,0.0,0,0.1,0.3,0.0,4000000,12,0.17533346552884613,0.013081135779078348,0.17533346552884613,0.013081135779078348,0.03997603014057692,0.002982498957629862,0.0,0.0,0.03997603014057692,0.002982498957629862,0.0,0.0,0.0,0.0,0.4452457264957265,0.008138103716107136,0.05789341995538461,0.0021539128611405335,0.0689102564102564,0.005551444896054098,1.0,0.0
12,313,0.07587859424920128,0.0027668543251898998,1.0,0.0,1.0,0.0,0.0,0.0,23.75,0.8660254037844386,4.0,0.0,7.655482856822057e-06,-22.706171830495197,1.2734416702807347,0.0033333332588275275,0.00492365952912094,0.5183195521434149,0.06042171430132109,80.91666666666667,3.36987545853858,-0.014430517641206583,0.161938928769226,0.0,0.0,5.150588909784953,0.5053159187246781,0.24,borrow,hardzero_only,hardzero_only__c0p58__z1p00__lam0p000__nu0p50__psi0p00,0.58,1.0,0.0,0.5,0.0,none,0.0,0,0.1,0.3,0.0,4000000,12,0.18195108379807692,0.006836735102982632,0.18195108379807692,0.006836735102982632,0.04366826011153846,0.0016408164247158315,0.0,0.0,0.04366826011153846,0.0016408164247158315,0.0,0.0,0.0,0.0,0.44230769230769235,0.006410256410256418,0.056600522649359775,0.001957119225639856,0.07532051282051282,0.003205128205128207,1.0,0.0
12,313,0.0777422790202343,0.006990805769594616,1.0,0.0,1.0,0.0,0.0,0.0,24.333333333333332,2.188122205883115,4.0,0.0,4.887136530819737e-05,-23.356716473897297,3.428351674782147,0.0016666666294137638,0.003892494633803578,0.5836229349176089,0.26982090440657314,84.75,5.462683323322805,0.007768136449158192,0.2003868366698469,0.0,0.0,5.144808570543925,0.7088190918934596,0.252,borrow,hardzero_only,hardzero_only__c0p58__z1p00__lam0p000__nu0p50__psi0p00,0.58,1.0,0.0,0.5,0.0,none,0.0,0,0.1,0.3,0.0,4000000,12,0.17793530293376067,0.01434047802621289,0.17793530293376067,0.01434047802621289,0.044839696339307684,0.003613800462605646,0.0,0.0,0.044839696339307684,0.003613800462605646,0.0,0.0,0.0,0.0,0.4399038461538461,0.008099761435849449,0.05618298088542601,0.0021508317759472884,0.07772435897435898,0.007247868860042396,1.0,0.0
12,313,0.08067092651757188,0.005298122668299361,1.0,0.0,1.0,0.0,0.0,0.0,25.25,1.6583123951777,4.0,0.0,2.8070103808347542e-05,-22.752628167470295,1.8179349967195142,0.0033333332588275275,0.006513389327203696,0.5391581157843272,0.08352233159247792,89.83333333333333,2.9490625115398443,0.06865266524255276,0.19495356602159125,0.0,0.0,5.130401094754537,0.34120065059604626,0.264,borrow,hardzero_only,hardzero_only__c0p58__z1p00__lam0p000__nu0p50__psi0p00,0.58,1.0,0.0,0.5,0.0,none,0.0,0,0.1,0.3,0.0,4000000,12,0.1774104412940705,0.0102707551658535,0.1774104412940705,0.0102707551658535,0.046836356501634625,0.002711479363785323,0.0,0.0,0.046836356501634625,0.002711479363785323,0.0,0.0,0.0,0.0,0.43242521367521364,0.009315279153988543,0.05472184179479861,0.0016068626354617842,0.08066239316239317,0.005083086289094607,1.0,0.0
12,313,0.08280085197018104,0.004808440993689733,1.0,0.0,1.0,0.0,0.0,0.0,25.916666666666668,1.5050420310248864,4.0,0.0,2.3121104789795908e-05,-23.240744749704998,1.4070143668753612,0.0,0.0,0.5734857718149821,0.13004644433274395,94.41666666666667,2.7784342658585555,0.10644708418597777,0.17459301536508154,0.0,0.0,4.8361308972040815,0.6287777101125072,0.276,borrow,hardzero_only,hardzero_only__c0p58__z1p00__lam0p000__nu0p50__psi0p00,0.58,1.0,0.0,0.5,0.0,none,0.0,0,0.1,0.3,0.0,4000000,12,0.17426697461805554,0.009437288720786259,0.17426697461805554,0.009437288720786259,0.04809768499458334,0.0026046916869370074,0.0,0.0,0.04809768499458334,0.0026046916869370074,0.0,0.0,0.0,0.0,0.4358974358974359,0.009269215454887462,0.05477655300467921,0.0012439662725676703,0.0825320512820513,0.005136393520921966,1.0,0.0
12,313,0.08226837060702875,0.008736294651580035,1.0,0.0,1.0,0.0,0.0,0.0,25.75,2.7344602259445514,4.0,0.0,7.632284423922594e-05,-24.30203119913737,3.753353643496923,0.0016666666294137638,0.0038924946338035784,0.6538439467549324,0.2850624307071781,97.66666666666667,3.7009417310962487,0.0268622034539779,0.1462868374658932,0.0,0.0,4.622027575969696,0.7147214751701332,0.288,borrow,hardzero_only,hardzero_only__c0p58__z1p00__lam0p000__nu0p50__psi0p00,0.58,1.0,0.0,0.5,0.0,none,0.0,0,0.1,0.3,0.0,4000000,12,0.16492579683119657,0.01805570176650448,0.16542749365037393,0.017086227377576032,0.04749862948738461,0.005200042108753291,0.0,0.0,0.04749862948738461,0.005200042108753291,0.0,0.0,0.0,0.0,0.4358974358974359,0.014908623316393983,0.0549177433790951,0.003015973031345193,0.08253205128205128,0.008764295595976126,0.9946581196581197,0.018504816320180313
12,313,0.08919062832800852,0.014889583285276325,1.0,0.0,1.0,0.0,0.0,0.0,27.916666666666668,4.66043956829149,4.0,0.0,0.00022169969040918014,-24.045085906982422,5.470305672100598,0.0016666666294137638,0.0038924946338035784,0.6887934878468513,0.4070230501599573,102.5,6.515715268068845,0.027242992694179218,0.1733398155630218,0.0,0.0,4.710416118303935,0.7114542667401949,0.3,borrow,hardzero_only,hardzero_only__c0p58__z1p00__lam0p000__nu0p50__psi0p00,0.58,1.0,0.0,0.5,0.0,none,0.0,0,0.1,0.3,0.0,4000000,12,0.17257868583840816,0.02833049939324521,0.17409184573130343,0.023996934386276966,0.051773605751522435,0.008499149817973565,0.0,0.0,0.051773605751522435,0.008499149817973565,0.0,0.0,0.0,0.0,0.42681623931623935,0.01228738044855008,0.05285662959278579,0.0029498230604626348,0.0889423076923077,0.014978928977420947,0.9839743589743589,0.055514448960540926
