condition,horizon_label,alpha,c_upd,seed,update,update_u,update_counter,opt_step,energy_E_pre,energy_E_post,funding_z,funding_g,funding_income,episode_return_end_mean,episode_len_end_mean,terminal_min_dists_end_mean,terminal_dbar_end,terminal_occupied_end_mean,terminal_CSR_train,terminal_done_count_end,vartd_VarTD,actor_loss,critic_loss,entropy,total_loss,ratio0
enabled_full,full,1.0,0.9,46,0,1.0,1,16,1.0,0.19468147,1.023735,0.09468145,0.09468145,-26.725565,26.0,2.252262,0.75075406,0.17999999,0.0,100,0.15865445,-0.0005071143,51.27445,1.609349,25.620625,1.0
enabled_full,full,1.0,0.9,46,1,0.0,1,16,0.19468147,0.27779305,1.0803385,0.08311158,0.08311158,-28.19966,26.000002,2.3767922,0.7922641,0.18400002,0.008,125,0.17951411,,,,,
enabled_full,full,1.0,0.9,46,2,0.0,1,16,0.27779305,0.35986272,1.0858172,0.08206967,0.08206967,-28.236763,26.000002,2.3888457,0.79628193,0.16800001,0.0,125,0.1605426,,,,,
enabled_full,full,1.0,0.9,46,3,0.0,1,16,0.35986272,0.454946,1.0218956,0.095083304,0.095083304,-27.877628,26.000002,2.2482152,0.7494051,0.128,0.0,125,0.15448557,,,,,
enabled_full,full,1.0,0.9,46,4,0.0,1,16,0.454946,0.5544913,1.0019794,0.09954528,0.09954528,-26.489773,26.000002,2.2043986,0.73479956,0.15200001,0.0,125,0.14773355,,,,,
enabled_full,full,1.0,0.9,46,5,0.0,1,16,0.5544913,0.639452,1.070782,0.084960684,0.084960684,-28.00178,26.000002,2.3557673,0.7852558,0.128,0.0,125,0.1559593,,,,,
enabled_full,full,1.0,0.9,46,6,0.0,1,16,0.639452,0.73383856,1.0250897,0.094386585,0.094386585,-26.96962,26.000002,2.2552423,0.7517475,0.16000001,0.0,125,0.16563699,,,,,
enabled_full,full,1.0,0.9,46,7,0.0,1,16,0.73383856,0.8341328,0.9987239,0.100294255,0.100294255,-26.315659,26.000002,2.1972365,0.7324122,0.18400002,0.0,125,0.15887299,,,,,
enabled_full,full,1.0,0.9,46,8,0.0,1,16,0.8341328,0.93355477,1.0025177,0.099421956,0.099421956,-26.62504,26.000002,2.205583,0.7351944,0.136,0.0,125,0.17357801,,,,,
enabled_full,full,1.0,0.9,46,9,1.0,2,32,0.93355477,0.1274913,1.0271655,0.0939365,0.0939365,-27.645203,26.000002,2.2598093,0.7532698,0.15200001,0.0,125,0.1532265,-0.00043322024,51.55195,1.6089213,25.759453,1.0
enabled_full,full,1.0,0.9,46,10,0.0,2,32,0.1274913,0.23433203,0.9712631,0.10684073,0.10684073,-26.867773,26.000002,2.1368215,0.71227384,0.16800001,0.0,125,0.13615935,,,,,
enabled_full,full,1.0,0.9,46,11,0.0,2,32,0.23433203,0.32589045,1.0383017,0.09155842,0.09155842,-27.532927,26.000002,2.2843094,0.76143646,0.18400002,0.0,125,0.14569047,,,,,
enabled_full,full,1.0,0.9,46,12,0.0,2,32,0.32589045,0.42573377,1.0006809,0.09984333,0.09984333,-26.384407,26.000002,2.201542,0.7338473,0.14400001,0.0,125,0.14305218,,,,,
enabled_full,full,1.0,0.9,46,13,0.0,2,32,0.42573377,0.51285434,1.0598793,0.087120555,0.087120555,-27.217264,26.0,2.331781,0.7772603,0.12,0.0,100,0.14460126,,,,,
enabled_full,full,1.0,0.9,46,14,0.0,2,32,0.51285434,0.6052818,1.0341991,0.09242743,0.09242743,-27.27941,26.000002,2.2752836,0.75842786,0.208,0.0,125,0.1466849,,,,,
enabled_full,full,1.0,0.9,46,15,0.0,2,32,0.6052818,0.6953033,1.0456536,0.09002152,0.09002152,-27.10587,26.000002,2.300484,0.766828,0.112,0.0,125,0.16626276,,,,,
enabled_full,full,1.0,0.9,46,16,0.0,2,32,0.6953033,0.7871394,1.0369867,0.09183607,0.09183607,-27.73631,26.000002,2.2814164,0.7604722,0.128,0.0,125,0.18211679,,,,,
enabled_full,full,1.0,0.9,46,17,0.0,2,32,0.7871394,0.8934679,0.9733503,0.1063285,0.1063285,-26.41743,26.000002,2.1414135,0.7138045,0.15200001,0.0,125,0.14353679,,,,,
enabled_full,full,1.0,0.9,46,18,0.0,2,32,0.8934679,0.9957017,0.9904057,0.10223374,0.10223374,-27.207872,26.000002,2.178936,0.72631204,0.15200001,0.0,125,0.1565285,,,,,
enabled_full,full,1.0,0.9,46,19,1.0,3,48,0.9957017,0.1933229,1.0104558,0.097621195,0.097621195,-27.347546,26.000002,2.2230473,0.7410158,0.104,0.0,125,0.14210105,-0.00047448813,47.888077,1.6082206,23.927483,1.0
enabled_full,full,1.0,0.9,46,20,0.0,3,48,0.1933229,0.29279232,1.0023104,0.09946942,0.09946942,-28.18809,26.000002,2.205127,0.73504233,0.14400001,0.0,125,0.13515574,,,,,
enabled_full,full,1.0,0.9,46,21,0.0,3,48,0.29279232,0.39616364,0.9856,0.10337132,0.10337132,-25.371555,26.000002,2.1683633,0.7227878,0.120000005,0.0,125,0.14731334,,,,,
enabled_full,full,1.0,0.9,46,22,0.0,3,48,0.39616364,0.5039299,0.9675171,0.10776629,0.10776629,-26.45398,26.000002,2.12858,0.7095267,0.17600001,0.0,125,0.1334106,,,,,
enabled_full,full,1.0,0.9,46,23,0.0,3,48,0.5039299,0.60502124,0.9952861,0.10109133,0.10109133,-27.110605,26.000002,2.1896732,0.72989106,0.14400001,0.0,125,0.14404948,,,,,
enabled_full,full,1.0,0.9,46,24,0.0,3,48,0.60502124,0.7127591,0.96763176,0.107737824,0.107737824,-27.079954,26.000002,2.1288323,0.7096108,0.18400002,0.0,125,0.16139758,,,,,
enabled_full,full,1.0,0.9,46,25,0.0,3,48,0.7127591,0.8107403,1.0088571,0.097981215,0.097981215,-27.027502,26.000002,2.21953,0.73984337,0.17600001,0.0,125,0.14832509,,,,,
enabled_full,full,1.0,0.9,46,26,0.0,3,48,0.8107403,0.91100496,0.99885213,0.10026466,0.10026466,-26.83636,26.0,2.1975186,0.7325062,0.14,0.0,100,0.1255671,,,,,
enabled_full,full,1.0,0.9,46,27,1.0,4,64,0.91100496,0.11917849,0.9658791,0.108173504,0.108173504,-25.770422,26.000002,2.1249764,0.7083255,0.18400002,0.0,125,0.15654553,-0.0009778906,48.039913,1.6071683,24.002907,1.0
enabled_full,full,1.0,0.9,46,28,0.0,4,64,0.11917849,0.23113063,0.9509676,0.11195213,0.11195213,-26.683584,26.000002,2.0921705,0.6973902,0.192,0.0,125,0.12220987,,,,,
enabled_full,full,1.0,0.9,46,29,0.0,4,64,0.23113063,0.34754974,0.93397576,0.11641909,0.11641909,-26.317955,26.000002,2.0547876,0.68492925,0.16800001,0.0,125,0.15770145,,,,,
enabled_full,full,1.0,0.9,46,30,0.0,4,64,0.34754974,0.46356946,0.9354682,0.116019726,0.116019726,-25.477926,26.000002,2.0580711,0.6860237,0.16800001,0.0,125,0.10697942,,,,,
enabled_full,full,1.0,0.9,46,31,0.0,4,64,0.46356946,0.5821036,0.9261564,0.11853416,0.11853416,-25.78877,26.000002,2.0375848,0.6791949,0.192,0.0,125,0.12842454,,,,,
enabled_full,full,1.0,0.9,46,32,0.0,4,64,0.5821036,0.6969069,0.94004554,0.11480333,0.11480333,-25.869024,26.000002,2.0681415,0.6893805,0.208,0.0,125,0.13007833,,,,,
enabled_full,full,1.0,0.9,46,33,0.0,4,64,0.6969069,0.8133974,0.9337097,0.11649045,0.11649045,-25.249079,26.000002,2.0542023,0.6847341,0.16800001,0.0,125,0.15228331,,,,,
enabled_full,full,1.0,0.9,46,34,0.0,4,64,0.8133974,0.9353172,0.9139256,0.121919826,0.121919826,-25.723087,26.000002,2.0106764,0.6702255,0.16800001,0.0,125,0.12594111,,,,,
enabled_full,full,1.0,0.9,46,35,1.0,5,80,0.9353172,0.14649743,0.9539726,0.11118019,0.11118019,-25.970352,26.000002,2.0987816,0.6995939,0.16000001,0.0,125,0.1442187,-0.00032642335,43.49408,1.6054353,21.730661,1.0
enabled_full,full,1.0,0.9,46,36,0.0,5,80,0.14649743,0.25699458,0.9566489,0.110497154,0.110497154,-26.155468,26.000002,2.1046696,0.70155656,0.16800001,0.0,125,0.16697662,,,,,
enabled_full,full,1.0,0.9,46,37,0.0,5,80,0.25699458,0.37711754,0.920374,0.12012297,0.12012297,-25.589846,26.000002,2.0248632,0.6749544,0.136,0.0,125,0.1847808,,,,,
enabled_full,full,1.0,0.9,46,38,0.0,5,80,0.37711754,0.5017096,0.9045098,0.12459201,0.12459201,-25.263502,26.000002,1.9899613,0.6633204,0.14400001,0.0,125,0.120752335,,,,,
enabled_full,full,1.0,0.9,46,39,0.0,5,80,0.5017096,0.6275351,0.9002313,0.1258255,0.1258255,-25.208054,26.0,1.9805484,0.66018283,0.28,0.0,100,0.12569724,,,,,
enabled_full,full,1.0,0.9,46,40,0.0,5,80,0.6275351,0.7355127,0.9666663,0.10797759,0.10797759,-27.029463,26.000002,2.1267083,0.7089028,0.120000005,0.0,125,0.14759105,,,,,
enabled_full,full,1.0,0.9,46,41,0.0,5,80,0.7355127,0.8529206,0.93030256,0.117407925,0.117407925,-25.997925,26.000002,2.0467064,0.6822355,0.136,0.0,125,0.12000661,,,,,
enabled_full,full,1.0,0.9,46,42,0.0,5,80,0.8529206,0.96378636,0.95520234,0.1108658,0.1108658,-26.526539,26.000002,2.1014872,0.7004957,0.216,0.0,125,0.15327017,,,,,
enabled_full,full,1.0,0.9,46,43,1.0,6,96,0.96378636,0.18467447,0.9176164,0.120888084,0.120888084,-25.409775,26.000002,2.0187964,0.67293215,0.208,0.0,125,0.13564993,-0.000371536,39.446224,1.603723,19.706705,1.0
enabled_full,full,1.0,0.9,46,44,0.0,6,96,0.18467447,0.31868926,0.8728473,0.13401479,0.13401479,-24.824482,26.000002,1.9203025,0.64010084,0.24800001,0.0,125,0.11753107,,,,,
enabled_full,full,1.0,0.9,46,45,0.0,6,96,0.31868926,0.44207072,0.90875006,0.12338146,0.12338146,-25.468374,26.000002,1.99929,0.66643,0.15200001,0.0,125,0.13470954,,,,,
enabled_full,full,1.0,0.9,46,46,0.0,6,96,0.44207072,0.557753,0.93673307,0.115682304,0.115682304,-26.981407,26.000002,2.060854,0.68695134,0.216,0.0,125,0.15171579,,,,,
enabled_full,full,1.0,0.9,46,47,0.0,6,96,0.557753,0.6882077,0.88454044,0.13045466,0.13045466,-25.047144,26.000002,1.9460279,0.648676,0.15200001,0.0,125,0.14037135,,,,,
enabled_full,full,1.0,0.9,46,48,0.0,6,96,0.6882077,0.8037746,0.93716645,0.11556692,0.11556692,-26.334633,26.000002,2.0618074,0.68726915,0.208,0.0,125,0.14561574,,,,,
enabled_full,full,1.0,0.9,46,49,0.0,6,96,0.8037746,0.923527,0.92171574,0.1197524,0.1197524,-26.076818,26.000002,2.027815,0.67593837,0.18400002,0.0,125,0.14069209,,,,,
enabled_full,full,1.0,0.9,46,50,1.0,7,112,0.923527,0.14375392,0.9199984,0.12022689,0.12022689,-26.543642,26.000002,2.024037,0.674679,0.216,0.0,125,0.15044704,-0.0002839315,46.089233,1.6015505,23.028316,1.0
enabled_full,full,1.0,0.9,46,51,0.0,7,112,0.14375392,0.27054888,0.8968979,0.12679498,0.12679498,-25.749271,26.000002,1.9732147,0.65773827,0.192,0.0,125,0.1261326,,,,,
enabled_full,full,1.0,0.9,46,52,0.0,7,112,0.27054888,0.396177,0.9009132,0.12562811,0.12562811,-25.76432,26.0,1.9820486,0.6606829,0.19,0.0,100,0.1405676,,,,,
enabled_full,full,1.0,0.9,46,53,0.0,7,112,0.396177,0.5378026,0.84885836,0.14162555,0.14162555,-25.027975,26.000002,1.8675257,0.6225086,0.28800002,0.0,125,0.13293391,,,,,
enabled_full,full,1.0,0.9,46,54,0.0,7,112,0.5378026,0.667663,0.8865233,0.12986039,0.12986039,-25.069778,26.000002,1.9503902,0.6501301,0.264,0.0,125,0.13224962,,,,,
enabled_full,full,1.0,0.9,46,55,0.0,7,112,0.667663,0.7878097,0.92028785,0.12014677,0.12014677,-25.762821,26.000002,2.0246737,0.67489123,0.24800001,0.0,125,0.14971314,,,,,
enabled_full,full,1.0,0.9,46,56,0.0,7,112,0.7878097,0.92009896,0.87847555,0.13228922,0.13228922,-25.215845,26.000002,1.9326848,0.6442283,0.208,0.0,125,0.14717746,,,,,
enabled_full,full,1.0,0.9,46,57,1.0,8,128,0.92009896,0.14778481,0.89385724,0.12768583,0.12768583,-25.277761,26.000002,1.9665252,0.6555084,0.23200001,0.0,125,0.14091945,-0.0004960742,38.8461,1.6007193,19.406548,1.0
enabled_full,full,1.0,0.9,46,58,0.0,8,128,0.14778481,0.2762799,0.89111346,0.12849508,0.12849508,-25.44208,26.000002,1.9604888,0.65349627,0.23200001,0.0,125,0.16800427,,,,,
enabled_full,full,1.0,0.9,46,59,0.0,8,128,0.2762799,0.38918585,0.94728315,0.112905964,0.112905964,-26.458494,26.000002,2.0840645,0.6946882,0.2,0.0,125,0.14200649,,,,,
enabled_full,full,1.0,0.9,46,60,0.0,8,128,0.38918585,0.5209987,0.88004225,0.13181286,0.13181286,-24.77124,26.000002,1.9361316,0.6453772,0.256,0.0,125,0.14077921,,,,,
enabled_full,full,1.0,0.9,46,61,0.0,8,128,0.5209987,0.6465392,0.90121603,0.12554052,0.12554052,-25.884508,26.000002,1.9827149,0.660905,0.192,0.0,125,0.13458084,,,,,
enabled_full,full,1.0,0.9,46,62,0.0,8,128,0.6465392,0.7645188,0.92819303,0.1179796,0.1179796,-26.416454,26.000002,2.0420654,0.6806885,0.08800001,0.0,125,0.1382232,,,,,
enabled_full,full,1.0,0.9,46,63,0.0,8,128,0.7645188,0.89339805,0.8898171,0.12887922,0.12887922,-26.226498,26.000002,1.9576367,0.6525456,0.24000001,0.0,125,0.13782503,,,,,
enabled_full,full,1.0,0.9,46,64,0.0,8,128,0.89339805,1.0,0.8696242,0.13501307,0.13501307,-24.769508,26.000002,1.9132115,0.63773715,0.224,0.0,125,0.13210167,,,,,
enabled_full,full,1.0,0.9,46,65,1.0,9,144,1.0,0.21478868,0.940101,0.11478866,0.11478866,-26.76358,26.0,2.0682635,0.6894212,0.24,0.0,100,0.14673354,-0.00062438846,46.73326,1.5978932,23.350027,1.0
enabled_full,full,1.0,0.9,46,66,0.0,9,144,0.21478868,0.3480252,0.87537664,0.13323653,0.13323653,-25.124239,26.000002,1.9258671,0.64195573,0.192,0.0,125,0.16343743,,,,,
enabled_full,full,1.0,0.9,46,67,0.0,9,144,0.3480252,0.47693652,0.88970894,0.12891133,0.12891133,-25.785397,26.000002,1.9573988,0.6524663,0.192,0.0,125,0.1729974,,,,,
enabled_full,full,1.0,0.9,46,68,0.0,9,144,0.47693652,0.6093149,0.87818295,0.13237838,0.13237838,-25.210611,26.000002,1.932041,0.6440137,0.216,0.0,125,0.14186406,,,,,
enabled_full,full,1.0,0.9,46,69,0.0,9,144,0.6093149,0.7466923,0.86208487,0.13737735,0.13737735,-24.669485,26.000002,1.8966246,0.6322082,0.224,0.0,125,0.12520646,,,,,
enabled_full,full,1.0,0.9,46,70,0.0,9,144,0.7466923,0.87209463,0.90169454,0.1254023,0.1254023,-25.77336,26.000002,1.9837676,0.6612559,0.18400002,0.0,125,0.14242117,,,,,
enabled_full,full,1.0,0.9,46,71,0.0,9,144,0.87209463,1.0,0.8705853,0.13471462,0.13471462,-26.145405,26.000002,1.915326,0.63844204,0.24000001,0.0,125,0.18696655,,,,,
enabled_full,full,1.0,0.9,46,72,1.0,10,160,1.0,0.22521667,0.9023379,0.12521665,0.12521665,-26.055079,26.000002,1.985183,0.66172767,0.256,0.0,125,0.16955408,-0.00040523714,40.854362,1.5957557,20.410818,1.0
enabled_full,full,1.0,0.9,46,73,0.0,10,160,0.22521667,0.3809007,0.8077559,0.15568404,0.15568404,-24.09605,26.000002,1.7770984,0.59236616,0.28800002,0.008,125,0.16254032,,,,,
enabled_full,full,1.0,0.9,46,74,0.0,10,160,0.3809007,0.52451324,0.84280765,0.14361253,0.14361253,-24.798391,26.000002,1.8542138,0.6180713,0.224,0.0,125,0.1410842,,,,,
enabled_full,full,1.0,0.9,46,75,0.0,10,160,0.52451324,0.65473694,0.88531005,0.13022368,0.13022368,-25.211271,26.000002,1.947721,0.6492404,0.14400001,0.0,125,0.16037281,,,,,
enabled_full,full,1.0,0.9,46,76,0.0,10,160,0.65473694,0.79501265,0.8530175,0.14027572,0.14027572,-24.812044,26.000002,1.876676,0.6255587,0.296,0.0,125,0.15255384,,,,,
enabled_full,full,1.0,0.9,46,77,0.0,10,160,0.79501265,0.9452811,0.82313216,0.15026845,0.15026845,-24.318344,26.000002,1.8109269,0.60364234,0.28,0.0,125,0.15160984,,,,,
enabled_full,full,1.0,0.9,46,78,1.0,11,176,0.9452811,0.18923202,0.8417856,0.14395091,0.14395091,-25.055765,26.0,1.8519653,0.6173218,0.22,0.0,100,0.15032957,-0.00046499778,40.17741,1.593329,20.072306,1.0
enabled_full,full,1.0,0.9,46,79,0.0,11,176,0.18923202,0.34029782,0.8208338,0.15106581,0.15106581,-24.579798,26.000002,1.8058704,0.60195684,0.312,0.0,125,0.14283028,,,,,
enabled_full,full,1.0,0.9,46,80,0.0,11,176,0.34029782,0.48965958,0.82576054,0.14936176,0.14936176,-25.12709,26.000002,1.8167095,0.60556984,0.23200001,0.0,125,0.16572158,,,,,
enabled_full,full,1.0,0.9,46,81,0.0,11,176,0.48965958,0.6294647,0.854477,0.1398051,0.1398051,-25.571121,26.000002,1.8798869,0.626629,0.256,0.0,125,0.15376118,,,,,
enabled_full,full,1.0,0.9,46,82,0.0,11,176,0.6294647,0.7728697,0.8434357,0.14340499,0.14340499,-24.773159,26.000002,1.8555956,0.6185319,0.256,0.0,125,0.19028153,,,,,
enabled_full,full,1.0,0.9,46,83,0.0,11,176,0.7728697,0.9101706,0.8623265,0.13730092,0.13730092,-25.130873,26.000002,1.8971562,0.63238543,0.224,0.0,125,0.15242024,,,,,
enabled_full,full,1.0,0.9,46,84,1.0,12,192,0.9101706,0.15721858,0.83254105,0.14704794,0.14704794,-25.137592,26.000002,1.8316269,0.6105423,0.33600003,0.0,125,0.18074709,-0.00024755465,35.33313,1.5905032,17.650412,1.0
enabled_full,full,1.0,0.9,46,85,0.0,12,192,0.15721858,0.3111751,0.8126019,0.15395652,0.15395652,-24.379637,26.000002,1.7877599,0.59591997,0.23200001,0.0,125,0.1894536,,,,,
enabled_full,full,1.0,0.9,46,86,0.0,12,192,0.3111751,0.4641016,0.8155173,0.15292649,0.15292649,-24.820723,26.000002,1.794174,0.598058,0.24800001,0.0,125,0.17921332,,,,,
enabled_full,full,1.0,0.9,46,87,0.0,12,192,0.4641016,0.60311973,0.85692865,0.13901809,0.13901809,-25.325823,26.000002,1.8852806,0.6284269,0.224,0.0,125,0.18662947,,,,,
enabled_full,full,1.0,0.9,46,88,0.0,12,192,0.60311973,0.7523831,0.8260467,0.14926338,0.14926338,-24.292118,26.000002,1.8173391,0.6057797,0.272,0.0,125,0.17770126,,,,,
enabled_full,full,1.0,0.9,46,89,0.0,12,192,0.7523831,0.90594846,0.8137067,0.15356536,0.15356536,-24.900068,26.000002,1.7901905,0.5967302,0.224,0.0,125,0.19548671,,,,,
enabled_full,full,1.0,0.9,46,90,1.0,13,208,0.90594846,0.15170373,0.8363758,0.14575525,0.14575525,-25.534231,26.000002,1.8400635,0.6133545,0.23200001,0.0,125,0.18359888,-0.00018040989,39.094734,1.5878613,19.531307,1.0
enabled_full,full,1.0,0.9,46,91,0.0,13,208,0.15170373,0.30229124,0.822211,0.15058751,0.15058751,-24.873661,26.0,1.8089004,0.6029668,0.28,0.01,100,0.19169307,,,,,
enabled_full,full,1.0,0.9,46,92,0.0,13,208,0.30229124,0.44232368,0.8537713,0.14003244,0.14003244,-24.884846,26.000002,1.8783344,0.6261115,0.2,0.0,125,0.20804116,,,,,
enabled_full,full,1.0,0.9,46,93,0.0,13,208,0.44232368,0.5825359,0.8532141,0.14021224,0.14021224,-24.918087,26.000002,1.8771085,0.62570286,0.28800002,0.0,125,0.20652708,,,,,
enabled_full,full,1.0,0.9,46,94,0.0,13,208,0.5825359,0.7289865,0.8343089,0.14645056,0.14645056,-25.0634,26.000002,1.8355163,0.6118388,0.23200001,0.008,125,0.2153921,,,,,
enabled_full,full,1.0,0.9,46,95,0.0,13,208,0.7289865,0.871553,0.84598255,0.14256649,0.14256649,-25.592918,26.000002,1.8611988,0.6203996,0.224,0.0,125,0.2043758,,,,,
enabled_full,full,1.0,0.9,46,96,0.0,13,208,0.871553,1.0,0.808919,0.15526766,0.15526766,-25.04688,26.000002,1.7796574,0.59321916,0.28,0.0,125,0.2101986,,,,,
enabled_full,full,1.0,0.9,46,97,1.0,14,224,1.0,0.2560862,0.80663556,0.15608618,0.15608618,-24.221012,26.000002,1.7746336,0.59154457,0.224,0.0,125,0.19490533,-0.00021433108,28.782482,1.5861197,14.375165,1.0
enabled_full,full,1.0,0.9,46,98,0.0,14,224,0.2560862,0.42257226,0.77862215,0.16648604,0.16648604,-23.430267,26.000002,1.7130029,0.571001,0.24800001,0.0,125,0.2222375,,,,,
enabled_full,full,1.0,0.9,46,99,0.0,14,224,0.42257226,0.5712011,0.82789695,0.14862883,0.14862883,-24.48515,26.000002,1.8214097,0.6071366,0.24800001,0.0,125,0.22635671,,,,,
enabled_full,full,1.0,0.9,46,100,0.0,14,224,0.5712011,0.7300097,0.79912597,0.15880859,0.15880859,-24.645939,26.000002,1.7581122,0.5860374,0.272,0.0,125,0.22620945,,,,,
enabled_full,full,1.0,0.9,46,101,0.0,14,224,0.7300097,0.8769978,0.8327176,0.14698818,0.14698818,-25.540298,26.000002,1.8320153,0.61067176,0.23200001,0.0,125,0.23708872,,,,,
enabled_full,full,1.0,0.9,46,102,0.0,14,224,0.8769978,1.0,0.79084194,0.1618669,0.1618669,-23.89932,26.000002,1.739887,0.5799624,0.23200001,0.0,125,0.2159133,,,,,
enabled_full,full,1.0,0.9,46,103,1.0,15,240,1.0,0.24827819,0.8289228,0.14827816,0.14827816,-24.697659,26.000002,1.8236666,0.6078889,0.344,0.008,125,0.22357976,-0.00018604507,34.69214,1.5863293,17.33002,1.0
enabled_full,full,1.0,0.9,46,104,0.0,15,240,0.24827819,0.40194,0.81343406,0.15366179,0.15366179,-24.517347,26.0,1.7895907,0.59653026,0.26,0.0,100,0.23288648,,,,,
enabled_full,full,1.0,0.9,46,105,0.0,15,240,0.40194,0.5620913,0.79546946,0.16015132,0.16015132,-24.543217,26.000002,1.7500677,0.5833559,0.24000001,0.0,125,0.28444287,,,,,
enabled_full,full,1.0,0.9,46,106,0.0,15,240,0.5620913,0.72113144,0.79849315,0.15904017,0.15904017,-24.615595,26.000002,1.7567201,0.5855734,0.2,0.0,125,0.26226187,,,,,
enabled_full,full,1.0,0.9,46,107,0.0,15,240,0.72113144,0.8847673,0.7861215,0.16363586,0.16363586,-23.412329,26.000002,1.7295018,0.57650065,0.216,0.0,125,0.26526606,,,,,
enabled_full,full,1.0,0.9,46,108,0.0,15,240,0.8847673,1.0,0.812301,0.15406322,0.15406322,-25.293028,26.000002,1.7870978,0.5956993,0.256,0.008,125,0.29441816,,,,,
enabled_full,full,1.0,0.9,46,109,1.0,16,256,1.0,0.26228935,0.78971,0.16228934,0.16228934,-24.206293,26.000002,1.7373967,0.57913226,0.256,0.0,125,0.27157247,-0.00031328932,28.647194,1.5857999,14.307426,1.0
enabled_full,full,1.0,0.9,46,110,0.0,16,256,0.26228935,0.41742414,0.8092908,0.15513478,0.15513478,-24.817183,26.000002,1.7804754,0.5934918,0.272,0.0,125,0.3109759,,,,,
enabled_full,full,1.0,0.9,46,111,0.0,16,256,0.41742414,0.5646703,0.83195585,0.14724621,0.14724621,-24.448462,26.000002,1.8303394,0.61011314,0.2,0.0,125,0.2854502,,,,,
enabled_full,full,1.0,0.9,46,112,0.0,16,256,0.5646703,0.7079714,0.8437506,0.14330107,0.14330107,-24.743536,26.000002,1.8562884,0.61876285,0.216,0.0,125,0.30272046,,,,,
enabled_full,full,1.0,0.9,46,113,0.0,16,256,0.7079714,0.8590289,0.82085776,0.15105747,0.15105747,-25.048477,26.000002,1.8059231,0.60197437,0.208,0.0,125,0.31024012,,,,,
enabled_full,full,1.0,0.9,46,114,0.0,16,256,0.8590289,1.0,0.7816931,0.16531295,0.16531295,-23.73301,26.000002,1.7197591,0.57325304,0.312,0.0,125,0.3106224,,,,,
enabled_full,full,1.0,0.9,46,115,1.0,17,272,1.0,0.25405067,0.8123365,0.15405063,0.15405063,-24.728834,26.000002,1.787176,0.59572536,0.256,0.0,125,0.33420485,-0.0003145095,31.819761,1.5841472,15.893724,1.0
enabled_full,full,1.0,0.9,46,116,0.0,17,272,0.25405067,0.4159896,0.7906487,0.16193894,0.16193894,-24.15749,26.000002,1.7394619,0.57982063,0.24000001,0.0,125,0.3908818,,,,,
enabled_full,full,1.0,0.9,46,117,0.0,17,272,0.4159896,0.56015515,0.8411386,0.14416553,0.14416553,-24.910942,26.0,1.8505418,0.6168473,0.16,0.0,100,0.309078,,,,,
enabled_full,full,1.0,0.9,46,118,0.0,17,272,0.56015515,0.69759727,0.86188006,0.13744214,0.13744214,-25.440025,26.000002,1.896174,0.632058,0.208,0.0,125,0.3755616,,,,,
enabled_full,full,1.0,0.9,46,119,0.0,17,272,0.69759727,0.8488706,0.82023764,0.15127333,0.15127333,-24.327623,26.000002,1.8045589,0.60151964,0.216,0.0,125,0.3754295,,,,,
enabled_full,full,1.0,0.9,46,120,0.0,17,272,0.8488706,1.0,0.78646165,0.16350776,0.16350776,-23.757387,26.000002,1.7302502,0.5767501,0.35200003,0.0,125,0.3846941,,,,,
enabled_full,full,1.0,0.9,46,121,1.0,18,288,1.0,0.2587524,0.7992797,0.1587524,0.1587524,-24.81048,26.000002,1.7584504,0.58615017,0.32000002,0.0,125,0.3885899,-0.0001585536,28.342056,1.5796826,14.155073,1.0
enabled_full,full,1.0,0.9,46,122,0.0,18,288,0.2587524,0.41588965,0.8037209,0.15713724,0.15713724,-24.269258,26.000002,1.7682213,0.5894071,0.32000002,0.0,125,0.43095332,,,,,
enabled_full,full,1.0,0.9,46,123,0.0,18,288,0.41588965,0.5866264,0.767673,0.17073673,0.17073673,-24.142727,26.000002,1.6889144,0.5629715,0.32000002,0.008,125,0.47134024,,,,,
enabled_full,full,1.0,0.9,46,124,0.0,18,288,0.5866264,0.74215215,0.8081977,0.15552574,0.15552574,-24.866703,26.000002,1.7780704,0.59269017,0.28,0.0,125,0.42780843,,,,,
enabled_full,full,1.0,0.9,46,125,0.0,18,288,0.74215215,0.9000224,0.80169976,0.15787022,0.15787022,-24.033436,26.000002,1.7637746,0.5879249,0.328,0.008,125,0.45305482,,,,,
enabled_full,full,1.0,0.9,46,126,1.0,19,304,0.9000224,0.1609351,0.7934097,0.16091269,0.16091269,-24.295744,26.000002,1.7455362,0.5818454,0.30400002,0.0,125,0.44237113,-0.00027348875,27.216728,1.5787402,13.592303,1.0
enabled_full,full,1.0,0.9,46,127,0.0,19,304,0.1609351,0.3214253,0.7945515,0.16049019,0.16049019,-24.485725,26.000002,1.7480482,0.5826827,0.272,0.0,125,0.52166003,,,,,
enabled_full,full,1.0,0.9,46,128,0.0,19,304,0.3214253,0.4718972,0.8225445,0.15047193,0.15047193,-24.165962,26.000002,1.8096341,0.6032114,0.264,0.0,125,0.4710427,,,,,
enabled_full,full,1.0,0.9,46,129,0.0,19,304,0.4718972,0.6414287,0.77074957,0.16953151,0.16953151,-23.578491,26.000002,1.6956829,0.5652276,0.272,0.0,125,0.48893994,,,,,
enabled_full,full,1.0,0.9,46,130,0.0,19,304,0.6414287,0.7910602,0.824977,0.14963149,0.14963149,-24.495153,26.0,1.8149856,0.60499525,0.31,0.0,100,0.44009987,,,,,
enabled_full,full,1.0,0.9,46,131,0.0,19,304,0.7910602,0.9695291,0.74843746,0.1784689,0.1784689,-24.015965,26.000002,1.6465954,0.54886514,0.30400002,0.0,125,0.53279895,,,,,
enabled_full,full,1.0,0.9,46,132,1.0,20,320,0.9695291,0.2242871,0.81034696,0.15475798,0.15475798,-24.870401,26.000002,1.7827989,0.5942663,0.18400002,0.0,125,0.4867018,-9.824594e-05,29.607712,1.5766428,14.787992,1.0
enabled_full,full,1.0,0.9,46,133,0.0,20,320,0.2242871,0.38121408,0.80430233,0.156927,0.156927,-24.769827,26.000002,1.7695005,0.5898335,0.30400002,0.0,125,0.5849708,,,,,
enabled_full,full,1.0,0.9,46,134,0.0,20,320,0.38121408,0.55599326,0.75751036,0.17477916,0.17477916,-23.75838,26.000002,1.6665561,0.55551875,0.30400002,0.0,125,0.5825915,,,,,
enabled_full,full,1.0,0.9,46,135,0.0,20,320,0.55599326,0.7208832,0.7828059,0.16488992,0.16488992,-24.089798,26.000002,1.7222074,0.57406914,0.312,0.0,125,0.5949096,,,,,
enabled_full,full,1.0,0.9,46,136,0.0,20,320,0.7208832,0.8969067,0.75442934,0.1760235,0.1760235,-23.716707,26.000002,1.6597776,0.55325925,0.28800002,0.0,125,0.6229473,,,,,
enabled_full,full,1.0,0.9,46,137,0.0,20,320,0.8969067,1.0,0.7589069,0.17421801,0.17421801,-23.505669,26.000002,1.6696285,0.5565429,0.256,0.0,125,0.5885768,,,,,
enabled_full,full,1.0,0.9,46,138,1.0,21,336,1.0,0.27760866,0.7505359,0.17760864,0.17760864,-23.604548,26.000002,1.651212,0.550404,0.224,0.0,125,0.59669316,-3.732901e-06,23.605045,1.575511,11.786764,1.0
enabled_full,full,1.0,0.9,46,139,0.0,21,336,0.27760866,0.43109685,0.813925,0.15348819,0.15348819,-25.165413,26.000002,1.7906708,0.5968903,0.224,0.0,125,0.68750143,,,,,
enabled_full,full,1.0,0.9,46,140,0.0,21,336,0.43109685,0.59827656,0.7768164,0.1671797,0.1671797,-23.962929,26.000002,1.7090303,0.56967676,0.216,0.0,125,0.69777715,,,,,
enabled_full,full,1.0,0.9,46,141,0.0,21,336,0.59827656,0.75858814,0.7950351,0.16031158,0.16031158,-24.479172,26.000002,1.7491122,0.58303744,0.264,0.0,125,0.68271214,,,,,
enabled_full,full,1.0,0.9,46,142,0.0,21,336,0.75858814,0.92397845,0.7814899,0.16539031,0.16539031,-24.963459,26.000002,1.7193122,0.5731041,0.256,0.0,125,0.686153,,,,,
enabled_full,full,1.0,0.9,46,143,1.0,22,352,0.92397845,0.19474038,0.767609,0.17076191,0.17076191,-23.93708,26.0,1.6887735,0.5629245,0.29999998,0.0,100,0.57637733,4.5470033e-06,27.2439,1.5760154,13.606194,1.0
enabled_full,full,1.0,0.9,46,144,0.0,22,352,0.19474038,0.3612101,0.7786647,0.16646974,0.16646974,-23.78248,26.000002,1.7130965,0.57103217,0.28800002,0.0,125,0.7660714,,,,,
enabled_full,full,1.0,0.9,46,145,0.0,22,352,0.3612101,0.52354264,0.7895944,0.16233253,0.16233253,-23.920841,26.000002,1.7371424,0.5790475,0.28800002,0.0,125,0.79372805,,,,,
enabled_full,full,1.0,0.9,46,146,0.0,22,352,0.52354264,0.69699144,0.7608288,0.17344877,0.17344877,-24.030067,26.000002,1.6738567,0.5579523,0.28,0.008,125,0.77534753,,,,,
enabled_full,full,1.0,0.9,46,147,0.0,22,352,0.69699144,0.86452293,0.7759036,0.16753148,0.16753148,-23.825691,26.000002,1.707022,0.56900734,0.2,0.0,125,0.7785436,,,,,
enabled_full,full,1.0,0.9,46,148,0.0,22,352,0.86452293,1.0,0.8149688,0.15311974,0.15311974,-24.897411,26.000002,1.7929672,0.5976558,0.256,0.0,125,0.7746037,,,,,
enabled_full,full,1.0,0.9,46,149,1.0,23,368,1.0,0.25865668,0.7995417,0.15865664,0.15865664,-23.516417,26.000002,1.7590269,0.58634233,0.35200003,0.016,125,0.7622659,-0.0001449596,21.974663,1.5751479,10.971435,1.0
enabled_full,full,1.0,0.9,46,150,0.0,23,368,0.25865668,0.42236334,0.7859336,0.16370668,0.16370668,-23.870707,26.000002,1.7290884,0.57636285,0.296,0.0,125,0.88144076,,,,,
enabled_full,full,1.0,0.9,46,151,0.0,23,368,0.42236334,0.5934885,0.7666861,0.17112517,0.17112517,-24.00475,26.000002,1.686743,0.5622477,0.312,0.0,125,0.89219457,,,,,
enabled_full,full,1.0,0.9,46,152,0.0,23,368,0.5934885,0.7487145,0.80903554,0.155226,0.155226,-24.585676,26.000002,1.7799137,0.5933046,0.24800001,0.0,125,0.8854557,,,,,
enabled_full,full,1.0,0.9,46,153,0.0,23,368,0.7487145,0.9150653,0.7789751,0.16635078,0.16635078,-24.274168,26.000002,1.7137794,0.57125986,0.28800002,0.008,125,0.9125521,,,,,
enabled_full,full,1.0,0.9,46,154,1.0,24,384,0.9150653,0.17452289,0.7973549,0.15945758,0.15945758,-24.01405,26.000002,1.7542157,0.5847386,0.30400002,0.0,125,0.85290223,-8.0515834e-05,23.64391,1.5705692,11.806169,1.0
enabled_full,full,1.0,0.9,46,155,0.0,24,384,0.17452289,0.33800521,0.7865292,0.16348232,0.16348232,-24.456083,26.000002,1.7303988,0.57679963,0.30400002,0.0,125,1.0074492,,,,,
enabled_full,full,1.0,0.9,46,156,0.0,24,384,0.33800521,0.5243124,0.7297705,0.18630715,0.18630715,-23.483315,26.0,1.6055272,0.53517574,0.38,0.01,100,0.8480665,,,,,
enabled_full,full,1.0,0.9,46,157,0.0,24,384,0.5243124,0.6719893,0.83068717,0.14767697,0.14767697,-24.854929,26.000002,1.8275483,0.6091828,0.18400002,0.008,125,1.0098099,,,,,
enabled_full,full,1.0,0.9,46,158,0.0,24,384,0.6719893,0.84743917,0.7558471,0.17544982,0.17544982,-22.91182,26.000002,1.6628968,0.55429894,0.296,0.0,125,1.0080566,,,,,
enabled_full,full,1.0,0.9,46,159,0.0,24,384,0.84743917,1.0,0.76542705,0.171622,0.171622,-24.302883,26.000002,1.6839732,0.5613244,0.37600002,0.008,125,1.0244597,,,,,
enabled_full,full,1.0,0.9,46,160,1.0,25,400,1.0,0.24741329,0.8314634,0.14741327,0.14741327,-25.370056,26.000002,1.8292559,0.609752,0.24000001,0.0,125,1.0066217,-0.00018611152,26.398138,1.569278,13.18319,1.0
enabled_full,full,1.0,0.9,46,161,0.0,25,400,0.24741329,0.4126968,0.78177047,0.16528352,0.16528352,-23.53244,26.000002,1.7199293,0.5733098,0.296,0.0,125,1.116988,,,,,
enabled_full,full,1.0,0.9,46,162,0.0,25,400,0.4126968,0.5762783,0.7862657,0.16358155,0.16358155,-24.06156,26.000002,1.729819,0.5766064,0.224,0.0,125,1.1197962,,,,,
enabled_full,full,1.0,0.9,46,163,0.0,25,400,0.5762783,0.748626,0.76359457,0.17234766,0.17234766,-24.054527,26.000002,1.6799415,0.5599805,0.33600003,0.0,125,1.1220375,,,,,
enabled_full,full,1.0,0.9,46,164,0.0,25,400,0.748626,0.91974944,0.7666905,0.17112345,0.17112345,-23.851004,26.000002,1.6867528,0.562251,0.32000002,0.0,125,1.1621016,,,,,
enabled_full,full,1.0,0.9,46,165,1.0,26,416,0.91974944,0.19669496,0.7521605,0.1769455,0.1769455,-24.380775,26.000002,1.6547861,0.5515954,0.224,0.0,125,1.1543975,-1.5444803e-05,22.096994,1.5678957,11.032803,1.0
enabled_full,full,1.0,0.9,46,166,0.0,26,416,0.19669496,0.3694439,0.76258457,0.17274895,0.17274895,-23.220566,26.000002,1.6777196,0.55923986,0.312,0.0,125,1.266129,,,,,
enabled_full,full,1.0,0.9,46,167,0.0,26,416,0.3694439,0.56034017,0.71920246,0.19089629,0.19089629,-22.888369,26.000002,1.5822769,0.52742565,0.344,0.0,125,1.2948574,,,,,
enabled_full,full,1.0,0.9,46,168,0.0,26,416,0.56034017,0.741416,0.74213964,0.18107578,0.18107578,-24.03521,26.000002,1.6327398,0.5442466,0.30400002,0.0,125,1.2824897,,,,,
enabled_full,full,1.0,0.9,46,169,0.0,26,416,0.741416,0.9160329,0.7579136,0.17461695,0.17461695,-23.573124,26.0,1.6674432,0.5558144,0.26,0.0,100,1.0388936,,,,,
enabled_full,full,1.0,0.9,46,170,1.0,27,432,0.9160329,0.1798011,0.7857705,0.16376817,0.16376817,-23.854025,26.000002,1.7287296,0.5762432,0.264,0.0,125,1.2546517,-0.00016741769,23.474125,1.5682738,11.721212,1.0
enabled_full,full,1.0,0.9,46,171,0.0,27,432,0.1798011,0.3476447,0.7750952,0.1678436,0.1678436,-24.142107,26.000002,1.7052436,0.56841457,0.272,0.0,125,1.422961,,,,,
enabled_full,full,1.0,0.9,46,172,0.0,27,432,0.3476447,0.51851726,0.76732755,0.1708726,0.1708726,-23.712719,26.000002,1.6881543,0.56271815,0.272,0.0,125,1.3855762,,,,,
enabled_full,full,1.0,0.9,46,173,0.0,27,432,0.51851726,0.6994017,0.7425988,0.18088444,0.18088444,-23.325775,26.000002,1.63375,0.5445833,0.37600002,0.0,125,1.3907233,,,,,
enabled_full,full,1.0,0.9,46,174,0.0,27,432,0.6994017,0.8685912,0.7716265,0.16918954,0.16918954,-23.517767,26.000002,1.6976122,0.56587076,0.28800002,0.0,125,1.369674,,,,,
enabled_full,full,1.0,0.9,46,175,0.0,27,432,0.8685912,1.0,0.7782591,0.16662528,0.16662528,-23.520407,26.000002,1.7122042,0.57073474,0.32000002,0.008,125,1.3727938,,,,,
enabled_full,full,1.0,0.9,46,176,1.0,28,448,1.0,0.27916545,0.74674577,0.17916542,0.17916542,-24.189196,26.000002,1.6428735,0.5476245,0.40800002,0.0,125,1.4263395,-0.00024263708,20.976622,1.5684353,10.472384,1.0
enabled_full,full,1.0,0.9,46,177,0.0,28,448,0.27916545,0.4540965,0.75713307,0.17493105,0.17493105,-24.254345,26.000002,1.665726,0.555242,0.24800001,0.016,125,1.5281229,,,,,
enabled_full,full,1.0,0.9,46,178,0.0,28,448,0.4540965,0.6191014,0.7825031,0.16500491,0.16500491,-23.659962,26.000002,1.7215413,0.5738471,0.2,0.0,125,1.5099584,,,,,
enabled_full,full,1.0,0.9,46,179,0.0,28,448,0.6191014,0.778506,0.7974992,0.15940459,0.15940459,-24.678102,26.000002,1.7545332,0.5848444,0.192,0.0,125,1.4922572,,,,,
enabled_full,full,1.0,0.9,46,180,0.0,28,448,0.778506,0.94363254,0.782183,0.16512658,0.16512658,-23.946787,26.000002,1.720837,0.57361233,0.256,0.008,125,1.5310017,,,,,
enabled_full,full,1.0,0.9,46,181,1.0,29,464,0.94363254,0.21486904,0.76640373,0.17123647,0.17123647,-23.310244,26.000002,1.686122,0.5620407,0.24000001,0.0,125,1.5340809,-0.00013341059,19.969482,1.5721672,9.968887,1.0
enabled_full,full,1.0,0.9,46,182,0.0,29,464,0.21486904,0.38497594,0.76927805,0.1701069,0.1701069,-24.16777,26.0,1.6924455,0.56414855,0.24,0.0,100,1.3820821,,,,,
enabled_full,full,1.0,0.9,46,183,0.0,29,464,0.38497594,0.5508012,0.78034925,0.16582526,0.16582526,-23.189089,26.000002,1.7168026,0.57226753,0.224,0.0,125,1.6456685,,,,,
enabled_full,full,1.0,0.9,46,184,0.0,29,464,0.5508012,0.72090906,0.7692756,0.17010786,0.17010786,-23.944054,26.000002,1.6924402,0.56414676,0.256,0.0,125,1.6626664,,,,,
enabled_full,full,1.0,0.9,46,185,0.0,29,464,0.72090906,0.8975524,0.7529028,0.1766433,0.1766433,-23.240068,26.000002,1.6564193,0.55213976,0.24000001,0.0,125,1.6951848,,,,,
enabled_full,full,1.0,0.9,46,186,0.0,29,464,0.8975524,1.0,0.7531423,0.17654593,0.17654593,-23.85202,26.000002,1.6569462,0.5523154,0.24800001,0.0,125,1.6396303,,,,,
enabled_full,full,1.0,0.9,46,187,1.0,30,480,1.0,0.27333182,0.7611217,0.17333181,0.17333181,-22.906704,26.000002,1.6745012,0.5581671,0.24800001,0.0,125,1.6655815,-0.000121132594,18.291086,1.5719419,9.129703,1.0
enabled_full,full,1.0,0.9,46,188,0.0,30,480,0.27333182,0.43601167,0.7886663,0.16267984,0.16267984,-23.591974,26.000002,1.7351005,0.5783669,0.264,0.0,125,1.7876862,,,,,
enabled_full,full,1.0,0.9,46,189,0.0,30,480,0.43601167,0.61237675,0.75358737,0.17636509,0.17636509,-23.27938,26.000002,1.6579254,0.5526418,0.296,0.0,125,1.8162924,,,,,
enabled_full,full,1.0,0.9,46,190,0.0,30,480,0.61237675,0.78998667,0.7505328,0.1776099,0.1776099,-23.20261,26.000002,1.6512052,0.55040175,0.28800002,0.0,125,1.8216829,,,,,
enabled_full,full,1.0,0.9,46,191,0.0,30,480,0.78998667,0.9547862,0.7830441,0.1647995,0.1647995,-23.423216,26.000002,1.7227315,0.57424384,0.18400002,0.0,125,1.7846843,,,,,
enabled_full,full,1.0,0.9,46,192,1.0,31,496,0.9547862,0.2384627,0.7359464,0.1836765,0.1836765,-22.249678,26.000002,1.6191144,0.5397048,0.344,0.008,125,1.8084279,-4.680045e-06,15.944827,1.5739874,7.956669,1.0
enabled_full,full,1.0,0.9,46,193,0.0,31,496,0.2384627,0.42594033,0.72705054,0.18747763,0.18747763,-22.660322,26.000002,1.5995431,0.5331811,0.28800002,0.0,125,1.9391295,,,,,
enabled_full,full,1.0,0.9,46,194,0.0,31,496,0.42594033,0.59901816,0.76175857,0.17307784,0.17307784,-23.523762,26.000002,1.6759024,0.55863416,0.33600003,0.0,125,1.9576672,,,,,
enabled_full,full,1.0,0.9,46,195,0.0,31,496,0.59901816,0.76424164,0.7819282,0.1652235,0.1652235,-23.528744,26.0,1.7202764,0.5734255,0.26,0.0,100,1.5808792,,,,,
enabled_full,full,1.0,0.9,46,196,0.0,31,496,0.76424164,0.93370026,0.77093625,0.16945864,0.16945864,-24.25843,26.000002,1.6960936,0.56536454,0.24800001,0.0,125,1.9669833,,,,,
enabled_full,full,1.0,0.9,46,197,1.0,32,512,0.93370026,0.20467168,0.76707655,0.1709714,0.1709714,-23.615337,26.000002,1.6876022,0.5625341,0.216,0.0,125,1.976548,-5.1068128e-05,20.27919,1.5732317,10.123812,1.0
enabled_full,full,1.0,0.9,46,198,0.0,32,512,0.20467168,0.37462097,0.76968056,0.16994931,0.16994931,-23.74017,26.000002,1.693331,0.5644437,0.32000002,0.008,125,2.1309705,,,,,
enabled_full,full,1.0,0.9,46,199,0.0,32,512,0.37462097,0.53156364,0.8042589,0.1569427,0.1569427,-24.514282,26.000002,1.7694049,0.58980167,0.28,0.0,125,2.0856545,,,,,
enabled_full,full,1.0,0.9,46,200,0.0,32,512,0.53156364,0.71269953,0.7419954,0.18113592,0.18113592,-23.255947,26.000002,1.6324224,0.5441408,0.23200001,0.0,125,2.1466353,,,,,
enabled_full,full,1.0,0.9,46,201,0.0,32,512,0.71269953,0.88354766,0.76738983,0.1708481,0.1708481,-24.01611,26.000002,1.6882913,0.5627638,0.24000001,0.0,125,2.096714,,,,,
enabled_full,full,1.0,0.9,46,202,0.0,32,512,0.88354766,1.0,0.7520325,0.17699763,0.17699763,-22.95778,26.000002,1.6545045,0.5515015,0.24000001,0.0,125,2.0838342,,,,,
enabled_full,full,1.0,0.9,46,203,1.0,33,528,1.0,0.25841916,0.8001924,0.15841912,0.15841912,-23.600677,26.000002,1.7604585,0.5868195,0.272,0.0,125,2.064869,-6.7542605e-06,17.041397,1.5717545,8.504974,1.0
enabled_full,full,1.0,0.9,46,204,0.0,33,528,0.25841916,0.44371545,0.73213327,0.1852963,0.1852963,-23.078974,26.000002,1.6107254,0.5369085,0.35200003,0.0,125,2.289367,,,,,
enabled_full,full,1.0,0.9,46,205,0.0,33,528,0.44371545,0.62281865,0.7468967,0.17910318,0.17910318,-24.42557,26.000002,1.6432055,0.5477352,0.37600002,0.0,125,2.285831,,,,,
enabled_full,full,1.0,0.9,46,206,0.0,33,528,0.62281865,0.7979226,0.7567041,0.17510393,0.17510393,-23.84554,26.000002,1.6647823,0.55492747,0.32000002,0.008,125,2.2652075,,,,,
enabled_full,full,1.0,0.9,46,207,0.0,33,528,0.7979226,0.973119,0.75647473,0.17519642,0.17519642,-23.573668,26.000002,1.6642777,0.55475926,0.312,0.0,125,2.233651,,,,,
enabled_full,full,1.0,0.9,46,208,1.0,34,544,0.973119,0.26026285,0.72782457,0.18714379,0.18714379,-23.559948,26.0,1.601246,0.5337487,0.41,0.01,100,1.8766415,-0.00011030789,21.050209,1.5731931,10.509262,1.0
enabled_full,full,1.0,0.9,46,209,0.0,34,544,0.26026285,0.4288534,0.7731668,0.16859056,0.16859056,-23.972872,26.000002,1.7010009,0.5670003,0.28800002,0.0,125,2.4507072,,,,,
enabled_full,full,1.0,0.9,46,210,0.0,34,544,0.4288534,0.6065565,0.75030506,0.17770307,0.17770307,-23.790134,26.000002,1.6507041,0.55023474,0.24800001,0.008,125,2.4864156,,,,,
enabled_full,full,1.0,0.9,46,211,0.0,34,544,0.6065565,0.7626088,0.80672973,0.15605234,0.15605234,-24.863026,26.000002,1.7748408,0.59161365,0.256,0.0,125,2.4756005,,,,,
enabled_full,full,1.0,0.9,46,212,0.0,34,544,0.7626088,0.9317002,0.7718785,0.1690914,0.1690914,-24.12797,26.000002,1.6981666,0.56605554,0.272,0.0,125,2.4497802,,,,,
enabled_full,full,1.0,0.9,46,213,1.0,35,560,0.9317002,0.20223382,0.76819015,0.17053357,0.17053357,-23.684658,26.000002,1.690052,0.5633507,0.28800002,0.0,125,2.4810636,-0.0001792653,17.993828,1.572507,8.98101,1.0
enabled_full,full,1.0,0.9,46,214,0.0,35,560,0.20223382,0.35806113,0.8073564,0.15582731,0.15582731,-24.46664,26.000002,1.7762196,0.5920732,0.28,0.0,125,2.598899,,,,,
enabled_full,full,1.0,0.9,46,215,0.0,35,560,0.35806113,0.528118,0.7694058,0.17005688,0.17005688,-24.761389,26.000002,1.6927265,0.5642422,0.344,0.0,125,2.6223683,,,,,
enabled_full,full,1.0,0.9,46,216,0.0,35,560,0.528118,0.6901909,0.79028964,0.16207287,0.16207287,-25.595087,26.000002,1.7386719,0.5795573,0.24800001,0.0,125,2.603781,,,,,
enabled_full,full,1.0,0.9,46,217,0.0,35,560,0.6901909,0.84561557,0.80848014,0.15542464,0.15542464,-24.364029,26.000002,1.7786918,0.5928973,0.312,0.0,125,2.5963888,,,,,
enabled_full,full,1.0,0.9,46,218,0.0,35,560,0.84561557,1.0,0.74871457,0.17835505,0.17835505,-23.694595,26.000002,1.6472049,0.54906833,0.344,0.0,125,2.6133184,,,,,
enabled_full,full,1.0,0.9,46,219,1.0,36,576,1.0,0.26364124,0.78610736,0.1636412,0.1636412,-24.050333,26.000002,1.7294707,0.5764903,0.256,0.0,125,2.6072006,-7.1365735e-05,18.389755,1.570673,9.179099,1.0
enabled_full,full,1.0,0.9,46,220,0.0,36,576,0.26364124,0.44237512,0.7477931,0.1787339,0.1787339,-23.939646,26.000002,1.6451776,0.54839253,0.35200003,0.0,125,2.7968829,,,,,
enabled_full,full,1.0,0.9,46,221,0.0,36,576,0.44237512,0.6243503,0.7399878,0.1819752,0.1819752,-23.298666,26.0,1.6280056,0.5426686,0.25,0.0,100,2.2985198,,,,,
enabled_full,full,1.0,0.9,46,222,0.0,36,576,0.6243503,0.80646706,0.73965013,0.18211673,0.18211673,-23.121681,26.000002,1.6272628,0.542421,0.30400002,0.0,125,2.868108,,,,,
enabled_full,full,1.0,0.9,46,223,0.0,36,576,0.80646706,0.9684949,0.79041034,0.16202785,0.16202785,-24.41032,26.000002,1.7389375,0.5796459,0.28800002,0.0,125,2.7481964,,,,,
enabled_full,full,1.0,0.9,46,224,1.0,37,592,0.9684949,0.23730133,0.772611,0.16880642,0.16880642,-23.851223,26.000002,1.6997782,0.56659275,0.28,0.0,125,2.8079412,-0.000112200585,19.967014,1.5710144,9.967685,1.0
enabled_full,full,1.0,0.9,46,225,0.0,37,592,0.23730133,0.40828666,0.76704115,0.17098533,0.17098533,-23.8136,26.000002,1.6875242,0.5625081,0.256,0.0,125,2.9414315,,,,,
enabled_full,full,1.0,0.9,46,226,0.0,37,592,0.40828666,0.5730555,0.78312486,0.16476884,0.16476884,-24.341516,26.000002,1.7229091,0.57430303,0.328,0.008,125,2.985864,,,,,
enabled_full,full,1.0,0.9,46,227,0.0,37,592,0.5730555,0.75489676,0.7403076,0.18184122,0.18184122,-23.500244,26.000002,1.6287093,0.5429031,0.33600003,0.0,125,2.979945,,,,,
enabled_full,full,1.0,0.9,46,228,0.0,37,592,0.75489676,0.9279196,0.76189643,0.1730229,0.1730229,-23.163006,26.000002,1.6762056,0.55873525,0.33600003,0.0,125,2.9441526,,,,,
enabled_full,full,1.0,0.9,46,229,1.0,38,608,0.9279196,0.20338656,0.7558048,0.17546691,0.17546691,-23.529602,26.000002,1.6628036,0.5542679,0.28,0.0,125,2.9368541,-0.0002380861,16.090988,1.5709715,8.029546,1.0
enabled_full,full,1.0,0.9,46,230,0.0,38,608,0.20338656,0.37466687,0.7662926,0.1712803,0.1712803,-23.185001,26.000002,1.6858773,0.56195915,0.272,0.0,125,3.0884817,,,,,
enabled_full,full,1.0,0.9,46,231,0.0,38,608,0.37466687,0.54768085,0.76191884,0.17301397,0.17301397,-23.76295,26.000002,1.6762549,0.55875164,0.35200003,0.0,125,3.1062038,,,,,
enabled_full,full,1.0,0.9,46,232,0.0,38,608,0.54768085,0.7197101,0.76439774,0.17202924,0.17202924,-23.95588,26.000002,1.6817086,0.5605695,0.328,0.008,125,3.1297953,,,,,
enabled_full,full,1.0,0.9,46,233,0.0,38,608,0.7197101,0.89072365,0.7669695,0.17101355,0.17101355,-24.043823,26.000002,1.6873666,0.56245553,0.296,0.0,125,3.102689,,,,,
enabled_full,full,1.0,0.9,46,234,0.0,38,608,0.89072365,1.0,0.8161128,0.15271693,0.15271693,-24.231564,26.0,1.7954841,0.5984947,0.19,0.0,100,2.525185,,,,,
enabled_full,full,1.0,0.9,46,235,1.0,39,624,1.0,0.27814788,0.74921936,0.17814787,0.17814787,-23.245247,26.000002,1.6483155,0.54943854,0.312,0.0,125,3.1056,-0.00022386882,19.114145,1.5679945,9.541168,1.0
enabled_full,full,1.0,0.9,46,236,0.0,39,624,0.27814788,0.45166093,0.7606678,0.17351305,0.17351305,-23.590855,26.000002,1.6735026,0.5578342,0.416,0.0,125,3.288208,,,,,
enabled_full,full,1.0,0.9,46,237,0.0,39,624,0.45166093,0.62740695,0.75511444,0.17574604,0.17574604,-23.446077,26.000002,1.6612849,0.55376166,0.30400002,0.0,125,3.3090959,,,,,
enabled_full,full,1.0,0.9,46,238,0.0,39,624,0.62740695,0.8049423,0.75071514,0.17753536,0.17753536,-24.339985,26.000002,1.6516063,0.55053544,0.28,0.0,125,3.3658693,,,,,
enabled_full,full,1.0,0.9,46,239,0.0,39,624,0.8049423,1.0,0.7061285,0.19673043,0.19673043,-23.3876,26.000002,1.5535136,0.5178379,0.384,0.008,125,3.3944118,,,,,
enabled_full,full,1.0,0.9,46,240,1.0,40,640,1.0,0.2636956,0.78596306,0.16369556,0.16369556,-24.117489,26.000002,1.7291533,0.5763844,0.224,0.0,125,3.2724745,-0.00017794395,17.559294,1.5645887,8.7638235,1.0
enabled_full,full,1.0,0.9,46,241,0.0,40,640,0.2636956,0.41710675,0.81414306,0.15341115,0.15341115,-24.27083,26.000002,1.7911505,0.5970502,0.224,0.0,125,3.4121606,,,,,
enabled_full,full,1.0,0.9,46,242,0.0,40,640,0.41710675,0.59239733,0.7562414,0.1752906,0.1752906,-24.177431,26.000002,1.6637642,0.5545881,0.224,0.0,125,3.529222,,,,,
enabled_full,full,1.0,0.9,46,243,0.0,40,640,0.59239733,0.7663764,0.75950295,0.17397907,0.17397907,-23.42758,26.000002,1.6709398,0.55697995,0.36800003,0.0,125,3.5036862,,,,,
enabled_full,full,1.0,0.9,46,244,0.0,40,640,0.7663764,0.9443146,0.7497307,0.17793825,0.17793825,-23.708351,26.000002,1.6494405,0.5498135,0.328,0.008,125,3.5074456,,,,,
enabled_full,full,1.0,0.9,46,245,1.0,41,656,0.9443146,0.23494083,0.7198174,0.1906262,0.1906262,-22.690453,26.000002,1.58363,0.5278767,0.24000001,0.0,125,3.5227344,-0.00016775573,15.794543,1.5657316,7.881447,1.0
enabled_full,full,1.0,0.9,46,246,0.0,41,656,0.23494083,0.3937282,0.79918396,0.15878738,0.15878738,-23.89691,26.000002,1.7582399,0.58607996,0.24800001,0.0,125,3.6154306,,,,,
enabled_full,full,1.0,0.9,46,247,0.0,41,656,0.3937282,0.580909,0.7277387,0.18718079,0.18718079,-23.60334,26.0,1.601057,0.5336857,0.35,0.0,100,3.012483,,,,,
enabled_full,full,1.0,0.9,46,248,0.0,41,656,0.580909,0.7559172,0.7569416,0.17500818,0.17500818,-23.951485,26.000002,1.6653048,0.55510163,0.35200003,0.0,125,3.6859941,,,,,
enabled_full,full,1.0,0.9,46,249,0.0,41,656,0.7559172,0.9314717,0.75558794,0.17555453,0.17555453,-23.718998,26.000002,1.6623267,0.5541089,0.296,0.0,125,3.6677883,,,,,
enabled_full,full,1.0,0.9,46,250,1.0,42,672,0.9314717,0.19743341,0.77999216,0.16596168,0.16596168,-23.850473,26.000002,1.716017,0.5720057,0.24800001,0.0,125,3.666084,-5.8438447e-05,18.906326,1.566138,9.437443,1.0
enabled_full,full,1.0,0.9,46,251,0.0,42,672,0.19743341,0.36585003,0.77361506,0.16841663,0.16841663,-23.357435,26.000002,1.7019871,0.56732905,0.23200001,0.0,125,3.7910862,,,,,
enabled_full,full,1.0,0.9,46,252,0.0,42,672,0.36585003,0.5480956,0.739343,0.18224557,0.18224557,-23.56565,26.000002,1.626587,0.5421957,0.344,0.008,125,3.871169,,,,,
enabled_full,full,1.0,0.9,46,253,0.0,42,672,0.5480956,0.7196463,0.7656076,0.17155068,0.17155068,-24.073687,26.000002,1.6843703,0.5614568,0.30400002,0.008,125,3.8739347,,,,,
enabled_full,full,1.0,0.9,46,254,0.0,42,672,0.7196463,0.8750287,0.8085979,0.15538248,0.15538248,-24.554947,26.000002,1.7789509,0.59298366,0.36800003,0.0,125,3.8227663,,,,,
enabled_full,full,1.0,0.9,46,255,0.0,42,672,0.8750287,1.0,0.7488489,0.1782999,0.1782999,-23.499239,26.000002,1.6475005,0.54916686,0.28,0.0,125,3.8439715,,,,,
enabled_full,full,1.0,0.9,46,256,1.0,43,688,1.0,0.26387954,0.7854753,0.16387951,0.16387951,-23.502756,26.000002,1.7280802,0.57602674,0.296,0.0,125,3.7570357,-0.00016201106,16.62246,1.564954,8.295418,1.0
enabled_full,full,1.0,0.9,46,257,0.0,43,688,0.26387954,0.42722085,0.7869039,0.16334131,0.16334131,-23.781559,26.000002,1.7312232,0.5770744,0.28800002,0.0,125,3.9478753,,,,,
enabled_full,full,1.0,0.9,46,258,0.0,43,688,0.42722085,0.6107343,0.7363321,0.18351345,0.18351345,-23.666792,26.000002,1.619963,0.5399877,0.312,0.008,125,4.066687,,,,,
enabled_full,full,1.0,0.9,46,259,0.0,43,688,0.6107343,0.79411054,0.7366569,0.18337625,0.18337625,-22.393251,26.000002,1.6206776,0.54022586,0.264,0.0,125,4.0436263,,,,,
enabled_full,full,1.0,0.9,46,260,0.0,43,688,0.79411054,0.96918005,0.75678945,0.17506953,0.17506953,-24.067911,26.0,1.66497,0.55499005,0.32,0.0,100,3.2373254,,,,,
enabled_full,full,1.0,0.9,46,261,1.0,44,704,0.96918005,0.24927567,0.7444969,0.1800956,0.1800956,-23.296427,26.000002,1.6379259,0.5459753,0.296,0.0,125,4.0098934,-0.00018219114,18.631931,1.5634122,9.30015,1.0
enabled_full,full,1.0,0.9,46,262,0.0,44,704,0.24927567,0.42072636,0.76586074,0.17145069,0.17145069,-23.619886,26.000002,1.6849272,0.5616424,0.24000001,0.0,125,4.1309147,,,,,
enabled_full,full,1.0,0.9,46,263,0.0,44,704,0.42072636,0.5915085,0.76755756,0.17078212,0.17078212,-23.292536,26.000002,1.6886604,0.56288683,0.30400002,0.008,125,4.177937,,,,,
enabled_full,full,1.0,0.9,46,264,0.0,44,704,0.5915085,0.7590656,0.7758371,0.1675571,0.1675571,-24.081985,26.000002,1.7068758,0.56895864,0.32000002,0.0,125,4.194319,,,,,
enabled_full,full,1.0,0.9,46,265,0.0,44,704,0.7590656,0.93172467,0.76281077,0.17265901,0.17265901,-23.75331,26.000002,1.6782172,0.55940574,0.272,0.0,125,4.2173815,,,,,
enabled_full,full,1.0,0.9,46,266,1.0,45,720,0.93172467,0.20626327,0.7581085,0.17453858,0.17453858,-23.809252,26.000002,1.667872,0.5559573,0.28800002,0.0,125,4.2084856,-0.00014055334,18.18668,1.5630379,9.077569,1.0
enabled_full,full,1.0,0.9,46,267,0.0,45,720,0.20626327,0.37652537,0.768882,0.1702621,0.1702621,-23.555853,26.000002,1.6915741,0.56385803,0.28800002,0.0,125,4.3347,,,,,
enabled_full,full,1.0,0.9,46,268,0.0,45,720,0.37652537,0.537796,0.7924446,0.16127068,0.16127068,-23.822018,26.000002,1.7434129,0.58113766,0.216,0.0,125,4.337857,,,,,
enabled_full,full,1.0,0.9,46,269,0.0,45,720,0.537796,0.71671134,0.7473525,0.1789153,0.1789153,-23.620985,26.000002,1.6442083,0.5480695,0.296,0.008,125,4.352293,,,,,
enabled_full,full,1.0,0.9,46,270,0.0,45,720,0.71671134,0.8949281,0.74905145,0.17821677,0.17821677,-22.933727,26.000002,1.6479461,0.5493154,0.39200002,0.0,125,4.3910065,,,,,
enabled_full,full,1.0,0.9,46,271,0.0,45,720,0.8949281,1.0,0.7805279,0.16575709,0.16575709,-23.993786,26.000002,1.7171956,0.57239854,0.24000001,0.0,125,4.358026,,,,,
enabled_full,full,1.0,0.9,46,272,1.0,46,736,1.0,0.27791756,0.74978125,0.17791753,0.17791753,-23.526829,26.000002,1.6495516,0.5498506,0.24000001,0.0,125,4.409222,-0.00028991335,17.83658,1.5618508,8.902381,1.0
enabled_full,full,1.0,0.9,46,273,0.0,46,736,0.27791756,0.4535177,0.75547516,0.17560014,0.17560014,-23.451761,26.0,1.6620785,0.5540262,0.25,0.0,100,3.641994,,,,,
enabled_full,full,1.0,0.9,46,274,0.0,46,736,0.4535177,0.636405,0.7378164,0.18288732,0.18288732,-22.778103,26.000002,1.6232284,0.5410762,0.312,0.0,125,4.545618,,,,,
enabled_full,full,1.0,0.9,46,275,0.0,46,736,0.636405,0.807251,0.7673953,0.17084596,0.17084596,-23.135983,26.000002,1.6883035,0.56276786,0.24000001,0.008,125,4.498278,,,,,
enabled_full,full,1.0,0.9,46,276,0.0,46,736,0.807251,0.9687987,0.7916992,0.16154772,0.16154772,-24.107317,26.000002,1.741773,0.580591,0.24800001,0.0,125,4.559979,,,,,
enabled_full,full,1.0,0.9,46,277,1.0,47,752,0.9687987,0.24420233,0.7559614,0.17540361,0.17540361,-23.751219,26.000002,1.6631483,0.5543828,0.24800001,0.0,125,4.495616,-0.0004003023,18.705101,1.5574973,9.3365755,1.0
enabled_full,full,1.0,0.9,46,278,0.0,47,752,0.24420233,0.424666,0.74361026,0.18046366,0.18046366,-23.250517,26.000002,1.6359752,0.5453251,0.28800002,0.0,125,4.6980257,,,,,
enabled_full,full,1.0,0.9,46,279,0.0,47,752,0.424666,0.6089245,0.7345724,0.18425852,0.18425852,-22.63112,26.000002,1.6160916,0.53869724,0.24800001,0.0,125,4.648087,,,,,
enabled_full,full,1.0,0.9,46,280,0.0,47,752,0.6089245,0.787035,0.7493105,0.1781105,0.1781105,-23.738873,26.000002,1.6485159,0.54950535,0.36800003,0.0,125,4.7137737,,,,,
enabled_full,full,1.0,0.9,46,281,0.0,47,752,0.787035,0.968096,0.74217504,0.18106101,0.18106101,-23.749317,26.000002,1.6328177,0.5442726,0.24800001,0.0,125,4.7036695,,,,,
enabled_full,full,1.0,0.9,46,282,1.0,48,768,0.968096,0.24337429,0.75627196,0.17527825,0.17527825,-22.716412,26.000002,1.6638315,0.5546105,0.28800002,0.0,125,4.640297,-0.00051064685,16.199997,1.560843,8.083879,1.0
enabled_full,full,1.0,0.9,46,283,0.0,48,768,0.24337429,0.4347855,0.7180327,0.19141118,0.19141118,-23.206911,26.000002,1.5797036,0.5265679,0.36800003,0.0,125,4.8118734,,,,,
enabled_full,full,1.0,0.9,46,284,0.0,48,768,0.4347855,0.61469275,0.7449513,0.17990728,0.17990728,-23.303482,26.000002,1.6389256,0.5463085,0.28,0.0,125,4.8096447,,,,,
enabled_full,full,1.0,0.9,46,285,0.0,48,768,0.61469275,0.8007746,0.730296,0.18608183,0.18608183,-23.127563,26.000002,1.6066834,0.53556114,0.296,0.0,125,4.8203983,,,,,
enabled_full,full,1.0,0.9,46,286,0.0,48,768,0.8007746,0.9839333,0.73717225,0.18315877,0.18315877,-22.855326,26.0,1.6218114,0.5406038,0.29999998,0.0,100,3.9168994,,,,,
enabled_full,full,1.0,0.9,46,287,1.0,49,784,0.9839333,0.2640949,0.7443379,0.18016155,0.18016155,-23.566484,26.000002,1.6375761,0.54585874,0.296,0.0,125,4.8164854,-0.00012283867,19.70063,1.5556302,9.834636,1.0
enabled_full,full,1.0,0.9,46,288,0.0,49,784,0.2640949,0.44600955,0.7401323,0.18191466,0.18191466,-23.083727,26.000002,1.6283236,0.54277456,0.33600003,0.0,125,5.02221,,,,,
enabled_full,full,1.0,0.9,46,289,0.0,49,784,0.44600955,0.6117468,0.78057986,0.16573724,0.16573724,-24.191227,26.000002,1.71731,0.5724367,0.264,0.0,125,4.8796053,,,,,
enabled_full,full,1.0,0.9,46,290,0.0,49,784,0.6117468,0.7859059,0.7590538,0.1741591,0.1741591,-24.009333,26.000002,1.6699518,0.55665064,0.264,0.0,125,5.017676,,,,,
enabled_full,full,1.0,0.9,46,291,0.0,49,784,0.7859059,0.9829503,0.70543575,0.19704446,0.19704446,-22.152428,26.000002,1.5519897,0.51732993,0.328,0.0,125,4.995891,,,,,
enabled_full,full,1.0,0.9,46,292,1.0,50,800,0.9829503,0.25949335,0.75314957,0.17654298,0.17654298,-22.802803,26.000002,1.6569622,0.5523207,0.30400002,0.008,125,4.93247,-0.00025835697,17.403446,1.5605172,8.68586,1.0
enabled_full,full,1.0,0.9,46,293,0.0,50,800,0.25949335,0.44228,0.73805547,0.18278666,0.18278666,-23.32406,26.000002,1.6237545,0.54125154,0.33600003,0.008,125,5.0912995,,,,,
enabled_full,full,1.0,0.9,46,294,0.0,50,800,0.44228,0.61676466,0.7582427,0.17448467,0.17448467,-23.451353,26.000002,1.6681674,0.5560558,0.312,0.0,125,5.053569,,,,,
enabled_full,full,1.0,0.9,46,295,0.0,50,800,0.61676466,0.8022773,0.73162645,0.18551266,0.18551266,-23.614279,26.000002,1.6096103,0.5365368,0.28,0.0,125,5.129557,,,,,
enabled_full,full,1.0,0.9,46,296,0.0,50,800,0.8022773,0.9762417,0.7595396,0.1739644,0.1739644,-24.001429,26.000002,1.6710205,0.55700684,0.32000002,0.0,125,5.0506682,,,,,
enabled_full,full,1.0,0.9,46,297,1.0,51,816,0.9762417,0.25150508,0.7563089,0.17526333,0.17526333,-23.570375,26.000002,1.6639128,0.5546376,0.296,0.0,125,5.0390396,-0.00027308875,17.394451,1.5656264,8.681295,1.0
enabled_full,full,1.0,0.9,46,298,0.0,51,816,0.25150508,0.4343366,0.73794895,0.18283151,0.18283151,-23.493258,26.000002,1.6235201,0.5411734,0.30400002,0.0,125,5.2254796,,,,,
enabled_full,full,1.0,0.9,46,299,0.0,51,816,0.4343366,0.6125577,0.74904084,0.17822112,0.17822112,-23.359472,26.0,1.6479228,0.5493076,0.24,0.0,100,4.2124147,,,,,
enabled_full,full,1.0,0.9,46,300,0.0,51,816,0.6125577,0.79203427,0.7459923,0.17947654,0.17947654,-23.444544,26.000002,1.6412158,0.54707193,0.272,0.0,125,5.240066,,,,,
enabled_full,full,1.0,0.9,46,301,0.0,51,816,0.79203427,0.9519151,0.7962037,0.15988082,0.15988082,-24.163946,26.000002,1.751683,0.5838944,0.30400002,0.0,125,5.152171,,,,,
enabled_full,full,1.0,0.9,46,302,1.0,52,832,0.9519151,0.22686906,0.75707626,0.17495395,0.17495395,-23.789024,26.000002,1.665601,0.55520034,0.28800002,0.0,125,5.166796,-0.00017366691,19.517948,1.565336,9.743147,1.0
enabled_full,full,1.0,0.9,46,303,0.0,52,832,0.22686906,0.42124182,0.71136457,0.19437276,0.19437276,-22.96778,26.000002,1.5650333,0.5216778,0.312,0.0,125,5.344929,,,,,
enabled_full,full,1.0,0.9,46,304,0.0,52,832,0.42124182,0.5885129,0.77657914,0.16727108,0.16727108,-23.829742,26.000002,1.7085083,0.5695028,0.344,0.008,125,5.326783,,,,,
enabled_full,full,1.0,0.9,46,305,0.0,52,832,0.5885129,0.7559362,0.7761841,0.16742331,0.16742331,-24.527704,26.000002,1.7076391,0.56921303,0.296,0.0,125,5.361822,,,,,
enabled_full,full,1.0,0.9,46,306,0.0,52,832,0.7559362,0.9175787,0.7914444,0.1616425,0.1616425,-24.108644,26.000002,1.7412125,0.58040416,0.272,0.0,125,5.221876,,,,,
enabled_full,full,1.0,0.9,46,307,1.0,53,848,0.9175787,0.20252712,0.7329494,0.1849484,0.1849484,-23.192295,26.000002,1.6125208,0.53750694,0.328,0.0,125,5.321163,-0.00068609306,17.155273,1.5650805,8.5613,1.0
enabled_full,full,1.0,0.9,46,308,0.0,53,848,0.20252712,0.3870468,0.7339573,0.1845197,0.1845197,-22.764845,26.000002,1.6147383,0.53824615,0.30400002,0.0,125,5.3234034,,,,,
enabled_full,full,1.0,0.9,46,309,0.0,53,848,0.3870468,0.5517808,0.7832167,0.164734,0.164734,-23.812187,26.000002,1.7231112,0.5743704,0.224,0.0,125,5.3390446,,,,,
enabled_full,full,1.0,0.9,46,310,0.0,53,848,0.5517808,0.7239734,0.7639855,0.1721926,0.1721926,-23.50023,26.000002,1.6808017,0.56026727,0.328,0.0,125,5.2780924,,,,,
enabled_full,full,1.0,0.9,46,311,0.0,53,848,0.7239734,0.9162615,0.7160476,0.19228809,0.19228809,-23.50436,26.000002,1.5753361,0.52511203,0.39200002,0.0,125,5.346902,,,,,
