condition,phase,family,metric_horizon,alpha,c_upd,seed,runtime_sec,support_mode,support_total,borrow_limit,borrow_interest,total_timesteps,eval_done_count,eval_return_end_mean,eval_len_end_mean,eval_CSR_post,eval_CSR_pre,eval_dbar_post_mean,eval_dbar_pre_mean,eval_occupied_post_mean,eval_occupied_pre_mean,eval_max_tilde_post_mean,eval_max_tilde_pre_mean,eval_episodes_per_env,eval_t_eval,eval_done_per_env_min,eval_done_per_env_max,mean_update_fraction,final_executed_updates,final_energy,total_support_injected,total_debt_charge,max_debt_level,final_vartd,train_final_return_end_mean,I_R_short,learned_R_short_0p5,I_R_full,learned_R_full_0p5
anchor_short_fail__base__t400k__a0p00__c0p60,reproduce_baseline,base,short,0.0,0.6,30,16.49153488400043,none,0.0,0.0,0.0,400000,100.0,-25.200225830078125,26.0,0.0,0.0,0.6724503040313721,0.6602495312690735,0.17999999225139618,0.25999999046325684,0.988691508769989,0.9745728969573975,4.0,104.0,4.0,4.0,0.00800000037997961,1.0,0.3999999761581421,0.0,0.0,0.0,0.15601079165935516,-26.30706024169922,0.41619492882823145,0.0,,
anchor_short_fail__base__t400k__a0p00__c0p60,reproduce_baseline,base,short,0.0,0.6,31,1.0770391060013935,none,0.0,0.0,0.0,400000,100.0,-28.074459075927734,26.0,0.0,0.0,0.7787419557571411,0.7710180282592773,0.17000000178813934,0.17000000178813934,1.1142163276672363,1.1020680665969849,4.0,104.0,4.0,4.0,0.00800000037997961,1.0,0.3999999761581421,0.0,0.0,0.0,0.16180822253227234,-28.8511905670166,-0.1655433409281871,0.0,,
anchor_short_fail__base__t400k__a0p00__c0p60,reproduce_baseline,base,short,0.0,0.6,32,1.0940541700001631,none,0.0,0.0,0.0,400000,100.0,-23.69355583190918,26.0,0.0,0.0,0.5224872827529907,0.5165317058563232,0.3799999952316284,0.4899999797344208,0.7688555121421814,0.7803881764411926,4.0,104.0,4.0,4.0,0.00800000037997961,1.0,0.3999999761581421,0.0,0.0,0.0,0.14721444249153137,-28.038679122924805,0.7211415086141121,1.0,,
anchor_short_fail__base__t400k__a0p00__c0p60,reproduce_baseline,base,short,0.0,0.6,33,1.1988936159996229,none,0.0,0.0,0.0,400000,100.0,-25.31313705444336,26.0,0.0,0.0,0.6782103776931763,0.6750922203063965,0.2199999988079071,0.20999999344348907,1.0120171308517456,1.0005384683609009,4.0,104.0,4.0,4.0,0.00800000037997961,1.0,0.3999999761581421,0.0,0.0,0.0,0.142615407705307,-27.185884475708008,0.39334195390242854,0.0,,
anchor_short_fail__base__t400k__a0p00__c0p60,reproduce_baseline,base,short,0.0,0.6,34,1.1964749960006884,none,0.0,0.0,0.0,400000,100.0,-25.09524154663086,26.0,0.0,0.0,0.6352347731590271,0.6314126253128052,0.25999999046325684,0.32999998331069946,0.9319955110549927,0.9219871163368225,4.0,104.0,4.0,4.0,0.00800000037997961,1.0,0.3999999761581421,0.0,0.0,0.0,0.16465920209884644,-26.99108123779297,0.43744350894691864,0.0,,
anchor_short_fail__base__t400k__a0p00__c0p60,reproduce_baseline,base,short,0.0,0.6,35,1.2279250570009026,none,0.0,0.0,0.0,400000,100.0,-25.02705955505371,26.0,0.0,0.0,0.6345498561859131,0.6325442790985107,0.28999999165534973,0.26999998092651367,0.9339840412139893,0.9441099166870117,4.0,104.0,4.0,4.0,0.00800000037997961,1.0,0.3999999761581421,0.0,0.0,0.0,0.1323574036359787,-26.56171226501465,0.4512433889204427,0.0,,
anchor_short_fail__base__t400k__a0p00__c0p60,reproduce_baseline,base,short,0.0,0.6,36,1.1822527179992903,none,0.0,0.0,0.0,400000,100.0,-29.639108657836914,26.0,0.0,0.0,0.9431816935539246,0.9289813041687012,0.11999999731779099,0.14000000059604645,1.2892141342163086,1.2662476301193237,4.0,104.0,4.0,4.0,0.00800000037997961,1.0,0.3999999761581421,0.0,0.0,0.0,0.16465912759304047,-27.539377212524414,-0.4822248565530244,0.0,,
anchor_short_fail__base__t400k__a0p00__c0p60,reproduce_baseline,base,short,0.0,0.6,37,1.1319236050003383,none,0.0,0.0,0.0,400000,100.0,-25.09678077697754,26.0,0.0,0.0,0.5936335325241089,0.5966971516609192,0.3400000035762787,0.3499999940395355,0.8811118602752686,0.8766120076179504,4.0,104.0,4.0,4.0,0.00800000037997961,1.0,0.3999999761581421,0.0,0.0,0.0,0.18936297297477722,-27.2486629486084,0.43713197222667266,0.0,,
anchor_short_fail__base__t400k__a0p00__c0p60,reproduce_baseline,base,short,0.0,0.6,38,1.1960602489998564,none,0.0,0.0,0.0,400000,100.0,-24.877288818359375,26.0,0.0,0.0,0.6845898628234863,0.6811196208000183,0.1899999976158142,0.2199999988079071,0.9488860964775085,0.9430826306343079,4.0,104.0,4.0,4.0,0.00800000037997961,1.0,0.3999999761581421,0.0,0.0,0.0,0.15321454405784607,-27.868457794189453,0.48155664528212416,0.0,,
anchor_short_fail__base__t400k__a0p00__c0p60,reproduce_baseline,base,short,0.0,0.6,39,1.115002229998936,none,0.0,0.0,0.0,400000,100.0,-25.976640701293945,26.0,0.0,0.0,0.7065731883049011,0.7028197646141052,0.25,0.22999998927116394,1.0055104494094849,1.0083268880844116,4.0,104.0,4.0,4.0,0.00800000037997961,1.0,0.3999999761581421,0.0,0.0,0.0,0.13999858498573303,-27.536190032958984,0.25905032532520844,0.0,,
anchor_short_fail__base__t400k__a0p00__c0p60,reproduce_baseline,base,short,0.0,0.6,40,1.1091551299996354,none,0.0,0.0,0.0,400000,100.0,-26.177370071411133,26.0,0.0,0.0,0.7028269171714783,0.7032806277275085,0.19999998807907104,0.2199999988079071,1.0267068147659302,1.0319371223449707,4.0,104.0,4.0,4.0,0.00800000037997961,1.0,0.3999999761581421,0.0,0.0,0.0,0.14685854315757751,-27.373865127563477,0.2184231574953578,0.0,,
anchor_short_fail__base__t400k__a0p00__c0p60,reproduce_baseline,base,short,0.0,0.6,41,1.1886903259983228,none,0.0,0.0,0.0,400000,100.0,-26.57467269897461,26.0,0.0,0.0,0.6698198318481445,0.670357346534729,0.23999999463558197,0.25999999046325684,0.9666728973388672,0.9651971459388733,4.0,104.0,4.0,4.0,0.00800000037997961,1.0,0.3999999761581421,0.0,0.0,0.0,0.1796477735042572,-28.77436637878418,0.13801000958462312,0.0,,
anchor_short_fail__base__t400k__a0p00__c0p60,reproduce_baseline,base,short,0.0,0.6,42,1.227357152998593,none,0.0,0.0,0.0,400000,100.0,-24.19523048400879,26.0,0.0,0.0,0.6534246206283569,0.6519273519515991,0.25999999046325684,0.17999999225139618,0.9894342422485352,0.9894761443138123,4.0,104.0,4.0,4.0,0.00800000037997961,1.0,0.3999999761581421,0.0,0.0,0.0,0.18497076630592346,-28.486541748046875,0.6196037003953457,1.0,,
anchor_short_fail__base__t400k__a0p00__c0p60,reproduce_baseline,base,short,0.0,0.6,43,1.0997205479998229,none,0.0,0.0,0.0,400000,100.0,-29.750072479248047,26.0,0.0,0.0,0.9333300590515137,0.9239821434020996,0.03999999910593033,0.07999999821186066,1.3447730541229248,1.3312782049179077,4.0,104.0,4.0,4.0,0.00800000037997961,1.0,0.3999999761581421,0.0,0.0,0.0,0.19295285642147064,-27.82746124267578,-0.5046836815514776,0.0,,
anchor_short_fail__base__t400k__a0p00__c0p60,reproduce_baseline,base,short,0.0,0.6,44,1.0908961509994697,none,0.0,0.0,0.0,400000,100.0,-24.145353317260742,26.0,0.0,0.0,0.5540908575057983,0.5533486008644104,0.25999999046325684,0.25999999046325684,0.8088131546974182,0.8032121658325195,4.0,104.0,4.0,4.0,0.00800000037997961,1.0,0.3999999761581421,0.0,0.0,0.0,0.1711081713438034,-27.354652404785156,0.6296987254689926,1.0,,
anchor_short_fail__base__t400k__a0p00__c0p60,reproduce_baseline,base,short,0.0,0.6,45,1.1152725459996873,none,0.0,0.0,0.0,400000,100.0,-26.317577362060547,26.0,0.0,0.0,0.6919445991516113,0.6841830015182495,0.1599999964237213,0.20999999344348907,0.978682816028595,0.9726836681365967,4.0,104.0,4.0,4.0,0.00800000037997961,1.0,0.3999999761581421,0.0,0.0,0.0,0.15631772577762604,-26.721385955810547,0.1900455208552543,0.0,,
anchor_short_fail__base__t400k__a0p00__c0p60,reproduce_baseline,base,short,0.0,0.6,46,1.1092314939996868,none,0.0,0.0,0.0,400000,100.0,-28.051998138427734,26.0,0.0,0.0,0.8011283278465271,0.8006632328033447,0.25,0.17999999225139618,1.1356943845748901,1.141613245010376,4.0,104.0,4.0,4.0,0.00800000037997961,1.0,0.3999999761581421,0.0,0.0,0.0,0.14623507857322693,-26.993806838989258,-0.16099729827934328,0.0,,
anchor_short_fail__base__t400k__a0p00__c0p60,reproduce_baseline,base,short,0.0,0.6,47,1.1711583219985187,none,0.0,0.0,0.0,400000,100.0,-24.031341552734375,26.0,0.0,0.0,0.5427258014678955,0.5406011939048767,0.26999998092651367,0.29999998211860657,0.7955707311630249,0.7915844321250916,4.0,104.0,4.0,4.0,0.00800000037997961,1.0,0.3999999761581421,0.0,0.0,0.0,0.1814889758825302,-27.141490936279297,0.6527744472195562,1.0,,
anchor_short_fail__base__t400k__a0p00__c0p60,reproduce_baseline,base,short,0.0,0.6,48,1.1806879929990828,none,0.0,0.0,0.0,400000,100.0,-31.453136444091797,26.0,0.0,0.0,1.044795036315918,1.0326499938964844,0.14999999105930328,0.11999999731779099,1.4260663986206055,1.405663013458252,4.0,104.0,4.0,4.0,0.00800000037997961,1.0,0.3999999761581421,0.0,0.0,0.0,0.17764511704444885,-26.41057777404785,-0.8493799533740005,0.0,,
anchor_short_fail__base__t400k__a0p00__c0p60,reproduce_baseline,base,short,0.0,0.6,49,1.1870350699991832,none,0.0,0.0,0.0,400000,100.0,-24.142194747924805,26.0,0.0,0.0,0.6289983987808228,0.63127201795578,0.22999998927116394,0.25999999046325684,0.9231815934181213,0.93107670545578,4.0,104.0,4.0,4.0,0.00800000037997961,1.0,0.3999999761581421,0.0,0.0,0.0,0.1744777262210846,-26.845510482788086,0.6303380127164863,1.0,,
anchor_short_fail__base__t400k__a0p00__c0p60,reproduce_baseline,base,short,0.0,0.6,50,1.1292280620000383,none,0.0,0.0,0.0,400000,100.0,-24.887733459472656,26.0,0.0,0.0,0.5683465600013733,0.5681164264678955,0.3700000047683716,0.38999998569488525,0.8568617701530457,0.8559311628341675,4.0,104.0,4.0,4.0,0.00800000037997961,1.0,0.3999999761581421,0.0,0.0,0.0,0.16276782751083374,-27.542774200439453,0.479442673683528,0.0,,
anchor_short_fail__base__t400k__a0p00__c0p60,reproduce_baseline,base,short,0.0,0.6,51,1.1065657489998557,none,0.0,0.0,0.0,400000,100.0,-25.71695327758789,26.0,0.009999999776482582,0.0,0.6593223214149475,0.6559334397315979,0.1899999976158142,0.1599999964237213,0.9320536851882935,0.9254143834114075,4.0,104.0,4.0,4.0,0.00800000037997961,1.0,0.3999999761581421,0.0,0.0,0.0,0.1844290941953659,-28.047054290771484,0.31161046906525014,0.0,,
anchor_short_fail__base__t400k__a0p00__c0p60,reproduce_baseline,base,short,0.0,0.6,52,1.1228301929986628,none,0.0,0.0,0.0,400000,100.0,-25.975509643554688,26.0,0.0,0.0,0.7396109104156494,0.7268620729446411,0.14999999105930328,0.14999999105930328,1.06533944606781,1.0615798234939575,4.0,104.0,4.0,4.0,0.00800000037997961,1.0,0.3999999761581421,0.0,0.0,0.0,0.16740557551383972,-27.844894409179688,0.2592792488383508,0.0,,
anchor_short_fail__base__t400k__a0p00__c0p60,reproduce_baseline,base,short,0.0,0.6,53,1.1814084950001416,none,0.0,0.0,0.0,400000,100.0,-24.036224365234375,26.0,0.009999999776482582,0.0,0.5482151508331299,0.5525970458984375,0.3100000023841858,0.3400000035762787,0.8096026182174683,0.8147890567779541,4.0,104.0,4.0,4.0,0.00800000037997961,1.0,0.3999999761581421,0.0,0.0,0.0,0.12250120937824249,-26.955158233642578,0.6517861770785033,1.0,,
anchor_short_fail__base__t400k__a0p00__c0p60,reproduce_baseline,base,short,0.0,0.6,54,1.1846172160003334,none,0.0,0.0,0.0,400000,100.0,-24.373903274536133,26.0,0.019999999552965164,0.019999999552965164,0.6137814521789551,0.6096929311752319,0.29999998211860657,0.3400000035762787,0.8474798202514648,0.8553405404090881,4.0,104.0,4.0,4.0,0.00800000037997961,1.0,0.3999999761581421,0.0,0.0,0.0,0.14468398690223694,-27.83237648010254,0.5834407340932829,1.0,,
anchor_short_fail__base__t400k__a0p00__c0p60,reproduce_baseline,base,short,0.0,0.6,55,1.1067402759999823,none,0.0,0.0,0.0,400000,100.0,-25.54981803894043,26.0,0.0,0.0,0.5899312496185303,0.5872218012809753,0.26999998092651367,0.28999999165534973,0.8743453621864319,0.8723313808441162,4.0,104.0,4.0,4.0,0.00800000037997961,1.0,0.3999999761581421,0.0,0.0,0.0,0.1990564465522766,-28.1069278717041,0.34543826111605136,0.0,,
anchor_short_fail__base__t400k__a0p00__c0p60,reproduce_baseline,base,short,0.0,0.6,56,1.1025520179991872,none,0.0,0.0,0.0,400000,100.0,-23.205068588256836,26.0,0.0,0.0,0.5732465982437134,0.5720304846763611,0.2800000011920929,0.26999998092651367,0.8460454344749451,0.8549333214759827,4.0,104.0,4.0,4.0,0.00800000037997961,1.0,0.3999999761581421,0.0,0.0,0.0,0.17548970878124237,-27.491853713989258,0.8200102153659876,1.0,,
anchor_short_fail__base__t400k__a0p00__c0p60,reproduce_baseline,base,short,0.0,0.6,57,1.1031990850005968,none,0.0,0.0,0.0,400000,100.0,-24.288400650024414,26.0,0.0,0.009999999776482582,0.6102951169013977,0.5978736281394958,0.3400000035762787,0.3199999928474426,0.9256753325462341,0.9072499871253967,4.0,104.0,4.0,4.0,0.00800000037997961,1.0,0.3999999761581421,0.0,0.0,0.0,0.1413542479276657,-26.705284118652344,0.6007462707663782,1.0,,
anchor_short_fail__base__t400k__a0p00__c0p60,reproduce_baseline,base,short,0.0,0.6,58,1.1642487840017566,none,0.0,0.0,0.0,400000,100.0,-23.813358306884766,26.0,0.019999999552965164,0.009999999776482582,0.5175871253013611,0.510398268699646,0.41999998688697815,0.429999977350235,0.7408370971679688,0.7394558787345886,4.0,104.0,4.0,4.0,0.00800000037997961,1.0,0.3999999761581421,0.0,0.0,0.0,0.16907791793346405,-27.26902198791504,0.6968937602431434,1.0,,
anchor_short_fail__base__t400k__a0p00__c0p60,reproduce_baseline,base,short,0.0,0.6,59,1.1858024689990998,none,0.0,0.0,0.0,400000,100.0,-24.065752029418945,26.0,0.0,0.0,0.6133490204811096,0.613945484161377,0.23999999463558197,0.2199999988079071,0.8907833695411682,0.8950659036636353,4.0,104.0,4.0,4.0,0.00800000037997961,1.0,0.3999999761581421,0.0,0.0,0.0,0.2088446021080017,-28.423385620117188,0.6458098450262996,1.0,,
anchor_short_fail__base__t400k__a0p00__c0p60,reproduce_baseline,base,short,0.0,0.6,60,1.1792728189993795,none,0.0,0.0,0.0,400000,100.0,-35.29219436645508,26.0,0.0,0.0,1.1814405918121338,1.1693754196166992,0.029999999329447746,0.04999999701976776,1.57920503616333,1.562273383140564,4.0,104.0,4.0,4.0,0.00800000037997961,1.0,0.3999999761581421,0.0,0.0,0.0,0.1851596087217331,-26.904102325439453,-1.626396542572253,0.0,,
anchor_short_fail__base__t400k__a0p00__c0p60,reproduce_baseline,base,short,0.0,0.6,61,1.168885129998671,none,0.0,0.0,0.0,400000,100.0,-24.407140731811523,26.0,0.0,0.0,0.6134756803512573,0.6073645353317261,0.28999999165534973,0.3499999940395355,0.9315816760063171,0.9306100010871887,4.0,104.0,4.0,4.0,0.00800000037997961,1.0,0.3999999761581421,0.0,0.0,0.0,0.14312611520290375,-27.918453216552734,0.5767135483596932,1.0,,
anchor_fragile_full__base__t1m__a0p00__c0p58,reproduce_baseline,base,full,0.0,0.58,30,15.691139705999376,none,0.0,0.0,0.0,1000000,100.0,-25.200225830078125,26.0,0.0,0.0,0.6724503040313721,0.6602495312690735,0.17999999225139618,0.25999999046325684,0.988691508769989,0.9745728969573975,4.0,104.0,4.0,4.0,0.0032051282469183207,1.0,0.42000001668930054,0.0,0.0,0.0,0.15309135615825653,-27.69398307800293,,,0.8301824863468795,1.0
anchor_fragile_full__base__t1m__a0p00__c0p58,reproduce_baseline,base,full,0.0,0.58,31,2.954013208998731,none,0.0,0.0,0.0,1000000,100.0,-28.074459075927734,26.0,0.0,0.0,0.7787419557571411,0.7710180282592773,0.17000000178813934,0.17000000178813934,1.1142163276672363,1.1020680665969849,4.0,104.0,4.0,4.0,0.0032051282469183207,1.0,0.42000001668930054,0.0,0.0,0.0,0.16349688172340393,-27.391965866088867,,,-0.33020869032897554,0.0
anchor_fragile_full__base__t1m__a0p00__c0p58,reproduce_baseline,base,full,0.0,0.58,32,2.9887352169989754,none,0.0,0.0,0.0,1000000,100.0,-23.69355583190918,26.0,0.0,0.0,0.5224872827529907,0.5165317058563232,0.3799999952316284,0.4899999797344208,0.7688555121421814,0.7803881764411926,4.0,104.0,4.0,4.0,0.0032051282469183207,1.0,0.42000001668930054,0.0,0.0,0.0,0.18601016700267792,-27.503131866455078,,,1.4384583020142592,1.0
anchor_fragile_full__base__t1m__a0p00__c0p58,reproduce_baseline,base,full,0.0,0.58,33,2.8979527179999423,none,0.0,0.0,0.0,1000000,100.0,-25.31313705444336,26.0,0.0,0.0,0.6782103776931763,0.6750922203063965,0.2199999988079071,0.20999999344348907,1.0120171308517456,1.0005384683609009,4.0,104.0,4.0,4.0,0.0032051282469183207,1.0,0.42000001668930054,0.0,0.0,0.0,0.16306689381599426,-27.876903533935547,,,0.7845977417231507,1.0
anchor_fragile_full__base__t1m__a0p00__c0p58,reproduce_baseline,base,full,0.0,0.58,34,2.7905350910004927,none,0.0,0.0,0.0,1000000,100.0,-25.09524154663086,26.0,0.0,0.0,0.6352347731590271,0.6314126253128052,0.25999999046325684,0.32999998331069946,0.9319955110549927,0.9219871163368225,4.0,104.0,4.0,4.0,0.0032051282469183207,1.0,0.42000001668930054,0.0,0.0,0.0,0.17092740535736084,-27.874622344970703,,,0.8725669505784294,1.0
anchor_fragile_full__base__t1m__a0p00__c0p58,reproduce_baseline,base,full,0.0,0.58,35,2.7709856090004905,none,0.0,0.0,0.0,1000000,100.0,-25.02705955505371,26.0,0.0,0.0,0.6345498561859131,0.6325442790985107,0.28999999165534973,0.26999998092651367,0.9339840412139893,0.9441099166870117,4.0,104.0,4.0,4.0,0.0032051282469183207,1.0,0.42000001668930054,0.0,0.0,0.0,0.15691539645195007,-27.76515007019043,,,0.9000935201595712,1.0
anchor_fragile_full__base__t1m__a0p00__c0p58,reproduce_baseline,base,full,0.0,0.58,36,2.850202357998569,none,0.0,0.0,0.0,1000000,100.0,-29.639108657836914,26.0,0.0,0.0,0.9431816935539246,0.9289813041687012,0.11999999731779099,0.14000000059604645,1.2892141342163086,1.2662476301193237,4.0,104.0,4.0,4.0,0.0032051282469183207,1.0,0.42000001668930054,0.0,0.0,0.0,0.15677540004253387,-27.92520523071289,,,-0.9618921391439633,0.0
anchor_fragile_full__base__t1m__a0p00__c0p58,reproduce_baseline,base,full,0.0,0.58,37,2.9786661270009063,none,0.0,0.0,0.0,1000000,100.0,-25.09678077697754,26.0,0.0,0.0,0.5936335325241089,0.5966971516609192,0.3400000035762787,0.3499999940395355,0.8811118602752686,0.8766120076179504,4.0,104.0,4.0,4.0,0.0032051282469183207,1.0,0.42000001668930054,0.0,0.0,0.0,0.17730285227298737,-27.64829444885254,,,0.8719455294339422,1.0
anchor_fragile_full__base__t1m__a0p00__c0p58,reproduce_baseline,base,full,0.0,0.58,38,2.871130842999264,none,0.0,0.0,0.0,1000000,100.0,-24.877288818359375,26.0,0.0,0.0,0.6845898628234863,0.6811196208000183,0.1899999976158142,0.2199999988079071,0.9488860964775085,0.9430826306343079,4.0,104.0,4.0,4.0,0.0032051282469183207,1.0,0.42000001668930054,0.0,0.0,0.0,0.1512027084827423,-26.804407119750977,,,0.9605592605914957,1.0
anchor_fragile_full__base__t1m__a0p00__c0p58,reproduce_baseline,base,full,0.0,0.58,39,2.8911520410001685,none,0.0,0.0,0.0,1000000,100.0,-25.976640701293945,26.0,0.0,0.0,0.7065731883049011,0.7028197646141052,0.25,0.22999998927116394,1.0055104494094849,1.0083268880844116,4.0,104.0,4.0,4.0,0.0032051282469183207,1.0,0.42000001668930054,0.0,0.0,0.0,0.13135646283626556,-26.229965209960938,,,0.516726726519551,1.0
anchor_fragile_full__base__t1m__a0p00__c0p58,reproduce_baseline,base,full,0.0,0.58,40,2.8061276499993255,none,0.0,0.0,0.0,1000000,100.0,-26.177370071411133,26.0,0.0,0.0,0.7028269171714783,0.7032806277275085,0.19999998807907104,0.2199999988079071,1.0267068147659302,1.0319371223449707,4.0,104.0,4.0,4.0,0.0032051282469183207,1.0,0.42000001668930054,0.0,0.0,0.0,0.1281299740076065,-27.091800689697266,,,0.43568786500056,0.0
anchor_fragile_full__base__t1m__a0p00__c0p58,reproduce_baseline,base,full,0.0,0.58,41,2.741014327000812,none,0.0,0.0,0.0,1000000,100.0,-26.57467269897461,26.0,0.0,0.0,0.6698198318481445,0.670357346534729,0.23999999463558197,0.25999999046325684,0.9666728973388672,0.9651971459388733,4.0,104.0,4.0,4.0,0.0032051282469183207,1.0,0.42000001668930054,0.0,0.0,0.0,0.15924027562141418,-27.351940155029297,,,0.2752880560565526,0.0
anchor_fragile_full__base__t1m__a0p00__c0p58,reproduce_baseline,base,full,0.0,0.58,42,2.9042496790007135,none,0.0,0.0,0.0,1000000,100.0,-24.19523048400879,26.0,0.0,0.0,0.6534246206283569,0.6519273519515991,0.25999999046325684,0.17999999225139618,0.9894342422485352,0.9894761443138123,4.0,104.0,4.0,4.0,0.0032051282469183207,1.0,0.42000001668930054,0.0,0.0,0.0,0.172084778547287,-27.918724060058594,,,1.2359212112270295,1.0
anchor_fragile_full__base__t1m__a0p00__c0p58,reproduce_baseline,base,full,0.0,0.58,43,2.840983980000601,none,0.0,0.0,0.0,1000000,100.0,-29.750072479248047,26.0,0.0,0.0,0.9333300590515137,0.9239821434020996,0.03999999910593033,0.07999999821186066,1.3447730541229248,1.3312782049179077,4.0,104.0,4.0,4.0,0.0032051282469183207,1.0,0.42000001668930054,0.0,0.0,0.0,0.16183558106422424,-27.312129974365234,,,-1.00669067436432,0.0
anchor_fragile_full__base__t1m__a0p00__c0p58,reproduce_baseline,base,full,0.0,0.58,44,2.9448059249989456,none,0.0,0.0,0.0,1000000,100.0,-24.145353317260742,26.0,0.0,0.0,0.5540908575057983,0.5533486008644104,0.25999999046325684,0.25999999046325684,0.8088131546974182,0.8032121658325195,4.0,104.0,4.0,4.0,0.0032051282469183207,1.0,0.42000001668930054,0.0,0.0,0.0,0.14509513974189758,-26.64383316040039,,,1.2560577204319099,1.0
anchor_fragile_full__base__t1m__a0p00__c0p58,reproduce_baseline,base,full,0.0,0.58,45,2.7654051520003122,none,0.0,0.0,0.0,1000000,100.0,-26.317577362060547,26.0,0.0,0.0,0.6919445991516113,0.6841830015182495,0.1599999964237213,0.20999999344348907,0.978682816028595,0.9726836681365967,4.0,104.0,4.0,4.0,0.0032051282469183207,1.0,0.42000001668930054,0.0,0.0,0.0,0.13461248576641083,-26.68807029724121,,,0.37908309807354074,0.0
anchor_fragile_full__base__t1m__a0p00__c0p58,reproduce_baseline,base,full,0.0,0.58,46,2.7641433230000985,none,0.0,0.0,0.0,1000000,100.0,-28.051998138427734,26.0,0.0,0.0,0.8011283278465271,0.8006632328033447,0.25,0.17999999225139618,1.1356943845748901,1.141613245010376,4.0,104.0,4.0,4.0,0.0032051282469183207,1.0,0.42000001668930054,0.0,0.0,0.0,0.15269069373607635,-27.29193878173828,,,-0.32114071585873954,0.0
anchor_fragile_full__base__t1m__a0p00__c0p58,reproduce_baseline,base,full,0.0,0.58,47,2.930437205999624,none,0.0,0.0,0.0,1000000,100.0,-24.031341552734375,26.0,0.0,0.0,0.5427258014678955,0.5406011939048767,0.26999998092651367,0.29999998211860657,0.7955707311630249,0.7915844321250916,4.0,104.0,4.0,4.0,0.0032051282469183207,1.0,0.42000001668930054,0.0,0.0,0.0,0.2065119445323944,-28.43828010559082,,,1.302086777323754,1.0
anchor_fragile_full__base__t1m__a0p00__c0p58,reproduce_baseline,base,full,0.0,0.58,48,3.0070162060001167,none,0.0,0.0,0.0,1000000,100.0,-31.453136444091797,26.0,0.0,0.0,1.044795036315918,1.0326499938964844,0.14999999105930328,0.11999999731779099,1.4260663986206055,1.405663013458252,4.0,104.0,4.0,4.0,0.0032051282469183207,1.0,0.42000001668930054,0.0,0.0,0.0,0.19475017488002777,-28.055044174194336,,,-1.6942550538289813,0.0
anchor_fragile_full__base__t1m__a0p00__c0p58,reproduce_baseline,base,full,0.0,0.58,49,2.8592626379995636,none,0.0,0.0,0.0,1000000,100.0,-24.142194747924805,26.0,0.0,0.0,0.6289983987808228,0.63127201795578,0.22999998927116394,0.25999999046325684,0.9231815934181213,0.93107670545578,4.0,104.0,4.0,4.0,0.0032051282469183207,1.0,0.42000001668930054,0.0,0.0,0.0,0.17578062415122986,-26.686962127685547,,,1.257332904341787,1.0
anchor_fragile_full__base__t1m__a0p00__c0p58,reproduce_baseline,base,full,0.0,0.58,50,2.9298180989990215,none,0.0,0.0,0.0,1000000,100.0,-24.887733459472656,26.0,0.0,0.0,0.5683465600013733,0.5681164264678955,0.3700000047683716,0.38999998569488525,0.8568617701530457,0.8559311628341675,4.0,104.0,4.0,4.0,0.0032051282469183207,1.0,0.42000001668930054,0.0,0.0,0.0,0.14617903530597687,-26.62088394165039,,,0.9563425292566611,1.0
anchor_fragile_full__base__t1m__a0p00__c0p58,reproduce_baseline,base,full,0.0,0.58,51,2.899011896999582,none,0.0,0.0,0.0,1000000,100.0,-25.71695327758789,26.0,0.009999999776482582,0.0,0.6593223214149475,0.6559334397315979,0.1899999976158142,0.1599999964237213,0.9320536851882935,0.9254143834114075,4.0,104.0,4.0,4.0,0.0032051282469183207,1.0,0.42000001668930054,0.0,0.0,0.0,0.1306411474943161,-27.614429473876953,,,0.6215682509843186,1.0
anchor_fragile_full__base__t1m__a0p00__c0p58,reproduce_baseline,base,full,0.0,0.58,52,2.8364662089988997,none,0.0,0.0,0.0,1000000,100.0,-25.975509643554688,26.0,0.0,0.0,0.7396109104156494,0.7268620729446411,0.14999999105930328,0.14999999105930328,1.06533944606781,1.0615798234939575,4.0,104.0,4.0,4.0,0.0032051282469183207,1.0,0.42000001668930054,0.0,0.0,0.0,0.17541979253292084,-28.342496871948242,,,0.517183359405153,1.0
anchor_fragile_full__base__t1m__a0p00__c0p58,reproduce_baseline,base,full,0.0,0.58,53,2.7687806180001644,none,0.0,0.0,0.0,1000000,100.0,-24.036224365234375,26.0,0.009999999776482582,0.0,0.5482151508331299,0.5525970458984375,0.3100000023841858,0.3400000035762787,0.8096026182174683,0.8147890567779541,4.0,104.0,4.0,4.0,0.0032051282469183207,1.0,0.42000001668930054,0.0,0.0,0.0,0.14837417006492615,-27.355215072631836,,,1.3001154785258766,1.0
anchor_fragile_full__base__t1m__a0p00__c0p58,reproduce_baseline,base,full,0.0,0.58,54,2.7798091739987285,none,0.0,0.0,0.0,1000000,100.0,-24.373903274536133,26.0,0.019999999552965164,0.019999999552965164,0.6137814521789551,0.6096929311752319,0.29999998211860657,0.3400000035762787,0.8474798202514648,0.8553405404090881,4.0,104.0,4.0,4.0,0.0032051282469183207,1.0,0.42000001668930054,0.0,0.0,0.0,0.1364232897758484,-26.458526611328125,,,1.1637870759965754,1.0
anchor_fragile_full__base__t1m__a0p00__c0p58,reproduce_baseline,base,full,0.0,0.58,55,2.938857586999802,none,0.0,0.0,0.0,1000000,100.0,-25.54981803894043,26.0,0.0,0.0,0.5899312496185303,0.5872218012809753,0.26999998092651367,0.28999999165534973,0.8743453621864319,0.8723313808441162,4.0,104.0,4.0,4.0,0.0032051282469183207,1.0,0.42000001668930054,0.0,0.0,0.0,0.11893203854560852,-26.24088478088379,,,0.6890444227661945,1.0
anchor_fragile_full__base__t1m__a0p00__c0p58,reproduce_baseline,base,full,0.0,0.58,56,2.9218859800002974,none,0.0,0.0,0.0,1000000,100.0,-23.205068588256836,26.0,0.0,0.0,0.5732465982437134,0.5720304846763611,0.2800000011920929,0.26999998092651367,0.8460454344749451,0.8549333214759827,4.0,104.0,4.0,4.0,0.0032051282469183207,1.0,0.42000001668930054,0.0,0.0,0.0,0.15012212097644806,-28.237764358520508,,,1.6356713459700338,1.0
anchor_fragile_full__base__t1m__a0p00__c0p58,reproduce_baseline,base,full,0.0,0.58,57,2.903339246999167,none,0.0,0.0,0.0,1000000,100.0,-24.288400650024414,26.0,0.0,0.009999999776482582,0.6102951169013977,0.5978736281394958,0.3400000035762787,0.3199999928474426,0.9256753325462341,0.9072499871253967,4.0,104.0,4.0,4.0,0.0032051282469183207,1.0,0.42000001668930054,0.0,0.0,0.0,0.16778984665870667,-27.934547424316406,,,1.1983063660400315,1.0
anchor_fragile_full__base__t1m__a0p00__c0p58,reproduce_baseline,base,full,0.0,0.58,58,2.8610339500010014,none,0.0,0.0,0.0,1000000,100.0,-23.813358306884766,26.0,0.019999999552965164,0.009999999776482582,0.5175871253013611,0.510398268699646,0.41999998688697815,0.429999977350235,0.7408370971679688,0.7394558787345886,4.0,104.0,4.0,4.0,0.0032051282469183207,1.0,0.42000001668930054,0.0,0.0,0.0,0.14427758753299713,-26.292953491210938,,,1.3900914079543072,1.0
anchor_fragile_full__base__t1m__a0p00__c0p58,reproduce_baseline,base,full,0.0,0.58,59,2.8057899169998564,none,0.0,0.0,0.0,1000000,100.0,-24.065752029418945,26.0,0.0,0.0,0.6133490204811096,0.613945484161377,0.23999999463558197,0.2199999988079071,0.8907833695411682,0.8950659036636353,4.0,104.0,4.0,4.0,0.0032051282469183207,1.0,0.42000001668930054,0.0,0.0,0.0,0.13387687504291534,-26.326990127563477,,,1.2881945110688688,1.0
anchor_fragile_full__base__t1m__a0p00__c0p58,reproduce_baseline,base,full,0.0,0.58,60,3.0776363869990746,none,0.0,0.0,0.0,1000000,100.0,-35.29219436645508,26.0,0.0,0.0,1.1814405918121338,1.1693754196166992,0.029999999329447746,0.04999999701976776,1.57920503616333,1.562273383140564,4.0,104.0,4.0,4.0,0.0032051282469183207,1.0,0.42000001668930054,0.0,0.0,0.0,0.17108279466629028,-27.076704025268555,,,-3.24416717257948,0.0
anchor_fragile_full__base__t1m__a0p00__c0p58,reproduce_baseline,base,full,0.0,0.58,61,2.807112058000712,none,0.0,0.0,0.0,1000000,100.0,-24.407140731811523,26.0,0.0,0.0,0.6134756803512573,0.6073645353317261,0.28999999165534973,0.3499999940395355,0.9315816760063171,0.9306100010871887,4.0,104.0,4.0,4.0,0.0032051282469183207,1.0,0.42000001668930054,0.0,0.0,0.0,0.16870547831058502,-27.98734474182129,,,1.1503683834763365,1.0
anchor_edge_full__base__t1m__a0p10__c1p00,reproduce_baseline,base,full,0.1,1.0,30,15.58195906400033,none,0.0,0.0,0.0,1000000,100.0,-24.24519157409668,26.0,0.0,0.0,0.5998764634132385,0.6066733002662659,0.3499999940395355,0.3199999928474426,0.8833268284797668,0.8932182788848877,4.0,104.0,4.0,4.0,0.012820512987673283,4.0,0.03233533352613449,0.0,0.0,0.0,0.14699473977088928,-27.060068130493164,,,1.2157508203240606,1.0
anchor_edge_full__base__t1m__a0p10__c1p00,reproduce_baseline,base,full,0.1,1.0,31,2.7567017059991485,none,0.0,0.0,0.0,1000000,100.0,-26.87867546081543,26.0,0.0,0.0,0.6803926825523376,0.6650097370147705,0.22999998927116394,0.23999999463558197,1.047999620437622,1.0151736736297607,4.0,104.0,4.0,4.0,0.009615384973585606,3.0,0.9747944474220276,0.0,0.0,0.0,0.1560223400592804,-26.901742935180664,,,0.15255545492386183,0.0
anchor_edge_full__base__t1m__a0p10__c1p00,reproduce_baseline,base,full,0.1,1.0,32,3.000718835999578,none,0.0,0.0,0.0,1000000,100.0,-24.260400772094727,26.0,0.0,0.0,0.5083674788475037,0.5140557885169983,0.41999998688697815,0.4399999976158142,0.7560207843780518,0.7626522779464722,4.0,104.0,4.0,4.0,0.012820512987673283,4.0,0.06330055743455887,0.0,0.0,0.0,0.1638546735048294,-26.925323486328125,,,1.2096105325841096,1.0
anchor_edge_full__base__t1m__a0p10__c1p00,reproduce_baseline,base,full,0.1,1.0,33,3.02593305299888,none,0.0,0.0,0.0,1000000,100.0,-24.301166534423828,26.0,0.0,0.0,0.5973201990127563,0.5883349776268005,0.3100000023841858,0.3700000047683716,0.8845928907394409,0.880183219909668,4.0,104.0,4.0,4.0,0.012820512987673283,4.0,0.07252612709999084,0.0,0.0,0.0,0.14500120282173157,-27.168657302856445,,,1.1931524977376122,1.0
anchor_edge_full__base__t1m__a0p10__c1p00,reproduce_baseline,base,full,0.1,1.0,34,2.788550520001081,none,0.0,0.0,0.0,1000000,100.0,-25.593448638916016,26.0,0.0,0.0,0.6719786524772644,0.6616706848144531,0.23999999463558197,0.25999999046325684,0.9728797674179077,0.9687358140945435,4.0,104.0,4.0,4.0,0.009615384973585606,3.0,1.0,0.0,0.0,0.0,0.17090632021427155,-27.5670108795166,,,0.6714297899531299,1.0
anchor_edge_full__base__t1m__a0p10__c1p00,reproduce_baseline,base,full,0.1,1.0,35,2.7035608900005172,none,0.0,0.0,0.0,1000000,100.0,-24.266870498657227,26.0,0.0,0.0,0.5379146933555603,0.5407953858375549,0.29999998211860657,0.3700000047683716,0.8046604990959167,0.8155130743980408,4.0,104.0,4.0,4.0,0.012820512987673283,4.0,0.05184274911880493,0.0,0.0,0.0,0.16159740090370178,-26.656091690063477,,,1.206998561676922,1.0
anchor_edge_full__base__t1m__a0p10__c1p00,reproduce_baseline,base,full,0.1,1.0,36,2.8341069359994435,none,0.0,0.0,0.0,1000000,100.0,-24.073627471923828,26.0,0.0,0.0,0.6268042922019958,0.6207975745201111,0.17999999225139618,0.17999999225139618,0.883361279964447,0.8679788708686829,4.0,104.0,4.0,4.0,0.009615384973585606,3.0,0.906699538230896,0.0,0.0,0.0,0.15613029897212982,-27.555320739746094,,,1.2850150217186986,1.0
anchor_edge_full__base__t1m__a0p10__c1p00,reproduce_baseline,base,full,0.1,1.0,37,2.94351549699968,none,0.0,0.0,0.0,1000000,100.0,-24.062997817993164,26.0,0.0,0.0,0.5275887250900269,0.5271388292312622,0.3799999952316284,0.3400000035762787,0.7834263443946838,0.7755991220474243,4.0,104.0,4.0,4.0,0.012820512987673283,4.0,0.07492178678512573,0.0,0.0,0.0,0.15493011474609375,-26.850297927856445,,,1.2893064467970465,1.0
anchor_edge_full__base__t1m__a0p10__c1p00,reproduce_baseline,base,full,0.1,1.0,38,2.9400518570000713,none,0.0,0.0,0.0,1000000,100.0,-21.244043350219727,26.0,0.0,0.0,0.517393946647644,0.5138614177703857,0.3400000035762787,0.3799999952316284,0.7419986724853516,0.7335318326950073,4.0,104.0,4.0,4.0,0.009615384973585606,3.0,0.9360422492027283,0.0,0.0,0.0,0.1506441980600357,-26.572433471679688,,,2.4273803649728696,1.0
anchor_edge_full__base__t1m__a0p10__c1p00,reproduce_baseline,base,full,0.1,1.0,39,2.775890007000271,none,0.0,0.0,0.0,1000000,100.0,-24.550256729125977,26.0,0.0,0.0,0.5371819138526917,0.5347010493278503,0.32999998331069946,0.32999998331069946,0.7880080342292786,0.7802338004112244,4.0,104.0,4.0,4.0,0.012820512987673283,4.0,0.011450178921222687,0.0,0.0,0.0,0.12305168807506561,-25.603565216064453,,,1.092589307695113,1.0
anchor_edge_full__base__t1m__a0p10__c1p00,reproduce_baseline,base,full,0.1,1.0,40,2.762207927000418,none,0.0,0.0,0.0,1000000,100.0,-24.12654685974121,26.0,0.0,0.0,0.5205835103988647,0.5259166359901428,0.38999998569488525,0.3199999928474426,0.7550814151763916,0.7661018371582031,4.0,104.0,4.0,4.0,0.012820512987673283,4.0,0.06543805450201035,0.0,0.0,0.0,0.13389313220977783,-26.505380630493164,,,1.2636503009581095,1.0
anchor_edge_full__base__t1m__a0p10__c1p00,reproduce_baseline,base,full,0.1,1.0,41,2.7817354159997194,none,0.0,0.0,0.0,1000000,100.0,-23.819982528686523,26.0,0.0,0.0,0.4901968240737915,0.4840570092201233,0.29999998211860657,0.38999998569488525,0.6926870346069336,0.695206880569458,4.0,104.0,4.0,4.0,0.012820512987673283,4.0,0.06451944261789322,0.0,0.0,0.0,0.1515716016292572,-26.157670974731445,,,1.387417063921093,1.0
anchor_edge_full__base__t1m__a0p10__c1p00,reproduce_baseline,base,full,0.1,1.0,42,2.9071572729990294,none,0.0,0.0,0.0,1000000,100.0,-24.37215805053711,26.0,0.0,0.009999999776482582,0.511355996131897,0.518180787563324,0.29999998211860657,0.29999998211860657,0.7145017981529236,0.7248244285583496,4.0,104.0,4.0,4.0,0.012820512987673283,4.0,0.009752437472343445,0.0,0.0,0.0,0.15651191771030426,-27.306596755981445,,,1.1644916613090979,1.0
anchor_edge_full__base__t1m__a0p10__c1p00,reproduce_baseline,base,full,0.1,1.0,43,2.898282766000193,none,0.0,0.0,0.0,1000000,100.0,-23.679296493530273,26.0,0.009999999776482582,0.0,0.5693968534469604,0.5667345523834229,0.32999998331069946,0.25999999046325684,0.851255476474762,0.8502627611160278,4.0,104.0,4.0,4.0,0.012820512987673283,4.0,0.021201418712735176,0.0,0.0,0.0,0.14741827547550201,-26.583606719970703,,,1.4442151105349355,1.0
anchor_edge_full__base__t1m__a0p10__c1p00,reproduce_baseline,base,full,0.1,1.0,44,2.957761894000214,none,0.0,0.0,0.0,1000000,100.0,-25.244237899780273,26.0,0.0,0.0,0.640830397605896,0.6375223994255066,0.2199999988079071,0.20999999344348907,0.931621253490448,0.9343275427818298,4.0,104.0,4.0,4.0,0.012820512987673283,4.0,0.04106768220663071,0.0,0.0,0.0,0.1274764984846115,-25.928363800048828,,,0.8124138458152308,1.0
anchor_edge_full__base__t1m__a0p10__c1p00,reproduce_baseline,base,full,0.1,1.0,45,2.85675925599935,none,0.0,0.0,0.0,1000000,100.0,-23.895538330078125,26.0,0.0,0.009999999776482582,0.5121186375617981,0.5145630836486816,0.3400000035762787,0.3799999952316284,0.7473049759864807,0.7549218535423279,4.0,104.0,4.0,4.0,0.012820512987673283,4.0,0.10382331907749176,0.0,0.0,0.0,0.12765321135520935,-25.79576301574707,,,1.356913525139719,1.0
anchor_edge_full__base__t1m__a0p10__c1p00,reproduce_baseline,base,full,0.1,1.0,46,2.9650520870000037,none,0.0,0.0,0.0,1000000,100.0,-25.31760597229004,26.0,0.0,0.0,0.6301940679550171,0.6292683482170105,0.20999999344348907,0.25,0.9080819487571716,0.9139677286148071,4.0,104.0,4.0,4.0,0.012820512987673283,4.0,0.04932084679603577,0.0,0.0,0.0,0.13775870203971863,-26.34096908569336,,,0.7827935412999371,1.0
anchor_edge_full__base__t1m__a0p10__c1p00,reproduce_baseline,base,full,0.1,1.0,47,2.9491051139993942,none,0.0,0.0,0.0,1000000,100.0,-24.338050842285156,26.0,0.0,0.0,0.6051848530769348,0.598741352558136,0.3199999928474426,0.32999998331069946,0.9343330264091492,0.9218571186065674,4.0,104.0,4.0,4.0,0.012820512987673283,4.0,0.0304226353764534,0.0,0.0,0.0,0.18126729130744934,-27.43412208557129,,,1.1782614914277085,1.0
anchor_edge_full__base__t1m__a0p10__c1p00,reproduce_baseline,base,full,0.1,1.0,48,2.807809547999568,none,0.0,0.0,0.0,1000000,100.0,-26.15215492248535,26.0,0.0,0.0,0.675838828086853,0.6589062213897705,0.25999999046325684,0.28999999165534973,1.0136704444885254,0.992527961730957,4.0,104.0,4.0,4.0,0.009615384973585606,3.0,0.9929851293563843,0.0,0.0,0.0,0.18730118870735168,-27.513118743896484,,,0.44586777519897375,0.0
anchor_edge_full__base__t1m__a0p10__c1p00,reproduce_baseline,base,full,0.1,1.0,49,2.9760108689988556,none,0.0,0.0,0.0,1000000,100.0,-22.912399291992188,26.0,0.0,0.0,0.5942928791046143,0.5913276076316833,0.28999999165534973,0.25999999046325684,0.8556959629058838,0.8506687879562378,4.0,104.0,4.0,4.0,0.009615384973585606,3.0,0.9543116092681885,0.0,0.0,0.0,0.17269907891750336,-26.54591941833496,,,1.753828377783589,1.0
anchor_edge_full__base__t1m__a0p10__c1p00,reproduce_baseline,base,full,0.1,1.0,50,3.056368093999481,none,0.0,0.0,0.0,1000000,100.0,-24.242748260498047,26.0,0.0,0.0,0.5257893800735474,0.5243357419967651,0.3199999928474426,0.3499999940395355,0.7424325346946716,0.7506576180458069,4.0,104.0,4.0,4.0,0.012820512987673283,4.0,0.09848031401634216,0.0,0.0,0.0,0.1396576464176178,-25.849353790283203,,,1.216737239761592,1.0
anchor_edge_full__base__t1m__a0p10__c1p00,reproduce_baseline,base,full,0.1,1.0,51,3.0188135910011624,none,0.0,0.0,0.0,1000000,100.0,-24.178796768188477,26.0,0.0,0.0,0.6098713278770447,0.6045610904693604,0.28999999165534973,0.25,0.906225860118866,0.900874137878418,4.0,104.0,4.0,4.0,0.009615384973585606,3.0,0.9706240296363831,0.0,0.0,0.0,0.12862589955329895,-27.23764991760254,,,1.2425558637436356,1.0
anchor_edge_full__base__t1m__a0p10__c1p00,reproduce_baseline,base,full,0.1,1.0,52,2.9713559960000566,none,0.0,0.0,0.0,1000000,100.0,-23.41518783569336,26.0,0.0,0.0,0.4816933572292328,0.4856739044189453,0.41999998688697815,0.3799999952316284,0.7112756967544556,0.7183374762535095,4.0,104.0,4.0,4.0,0.012820512987673283,4.0,0.17510762810707092,0.0,0.0,0.0,0.16501525044441223,-27.259090423583984,,,1.5508415844580936,1.0
anchor_edge_full__base__t1m__a0p10__c1p00,reproduce_baseline,base,full,0.1,1.0,53,2.9034412070013786,none,0.0,0.0,0.0,1000000,100.0,-23.287939071655273,26.0,0.0,0.0,0.5276854634284973,0.521977424621582,0.3100000023841858,0.28999999165534973,0.7563562393188477,0.7594113945960999,4.0,104.0,4.0,4.0,0.012820512987673283,4.0,0.17610444128513336,0.0,0.0,0.0,0.13726212084293365,-26.62801742553711,,,1.6022147091848085,1.0
anchor_edge_full__base__t1m__a0p10__c1p00,reproduce_baseline,base,full,0.1,1.0,54,2.9770984429997043,none,0.0,0.0,0.0,1000000,100.0,-23.11740493774414,26.0,0.0,0.0,0.5291739702224731,0.5342987775802612,0.3400000035762787,0.3199999928474426,0.7768824696540833,0.7820098996162415,4.0,104.0,4.0,4.0,0.009615384973585606,3.0,0.9901733994483948,0.0,0.0,0.0,0.13188378512859344,-26.004304885864258,,,1.6710630897392693,1.0
anchor_edge_full__base__t1m__a0p10__c1p00,reproduce_baseline,base,full,0.1,1.0,55,2.7365798549999454,none,0.0,0.0,0.0,1000000,100.0,-24.542457580566406,26.0,0.0,0.009999999776482582,0.5389007329940796,0.5391141176223755,0.3400000035762787,0.3499999940395355,0.796011209487915,0.8025063276290894,4.0,104.0,4.0,4.0,0.012820512987673283,4.0,0.11048004776239395,0.0,0.0,0.0,0.11468555778265,-25.822566986083984,,,1.0957379955015663,1.0
anchor_edge_full__base__t1m__a0p10__c1p00,reproduce_baseline,base,full,0.1,1.0,56,2.9342388690001826,none,0.0,0.0,0.0,1000000,100.0,-23.01292610168457,26.0,0.0,0.009999999776482582,0.46552813053131104,0.46650558710098267,0.6100000143051147,0.5799999833106995,0.7188597917556763,0.714616596698761,4.0,104.0,4.0,4.0,0.012820512987673283,4.0,0.07395565509796143,0.0,0.0,0.0,0.14856277406215668,-27.229646682739258,,,1.7132434937436951,1.0
anchor_edge_full__base__t1m__a0p10__c1p00,reproduce_baseline,base,full,0.1,1.0,57,2.7484546850009792,none,0.0,0.0,0.0,1000000,100.0,-22.70552635192871,26.0,0.009999999776482582,0.0,0.47304317355155945,0.4855169653892517,0.4899999797344208,0.3799999952316284,0.6836376786231995,0.6908051371574402,4.0,104.0,4.0,4.0,0.012820512987673283,4.0,0.08864301443099976,0.0,0.0,0.0,0.1698453724384308,-27.13115692138672,,,1.837347533610378,1.0
anchor_edge_full__base__t1m__a0p10__c1p00,reproduce_baseline,base,full,0.1,1.0,58,2.7061737490002997,none,0.0,0.0,0.0,1000000,100.0,-24.38541030883789,26.0,0.009999999776482582,0.0,0.5388481616973877,0.5307597517967224,0.3999999761581421,0.4699999988079071,0.7835931777954102,0.7821879982948303,4.0,104.0,4.0,4.0,0.012820512987673283,4.0,0.08533209562301636,0.0,0.0,0.0,0.1371522843837738,-25.80554962158203,,,1.1591414331654837,1.0
anchor_edge_full__base__t1m__a0p10__c1p00,reproduce_baseline,base,full,0.1,1.0,59,2.9524601610009995,none,0.0,0.0,0.0,1000000,100.0,-24.040565490722656,26.0,0.0,0.0,0.5355147123336792,0.5331762433052063,0.28999999165534973,0.3199999928474426,0.7794243693351746,0.787557065486908,4.0,104.0,4.0,4.0,0.012820512987673283,4.0,0.010597203858196735,0.0,0.0,0.0,0.12458094209432602,-25.984683990478516,,,1.2983628706883887,1.0
anchor_edge_full__base__t1m__a0p10__c1p00,reproduce_baseline,base,full,0.1,1.0,60,2.9983967339994706,none,0.0,0.0,0.0,1000000,100.0,-36.038177490234375,26.0,0.0,0.0,1.2953476905822754,1.273897647857666,0.07999999821186066,0.09999999403953552,1.696998119354248,1.6755030155181885,4.0,104.0,4.0,4.0,0.009615384973585606,3.0,0.7706196904182434,0.0,0.0,0.0,0.16771066188812256,-26.984102249145508,,,-3.5453369666567567,0.0
anchor_edge_full__base__t1m__a0p10__c1p00,reproduce_baseline,base,full,0.1,1.0,61,2.775279828998464,none,0.0,0.0,0.0,1000000,100.0,-24.4779052734375,26.0,0.009999999776482582,0.0,0.6191819906234741,0.6140941977500916,0.3100000023841858,0.28999999165534973,0.9159569144248962,0.9112909436225891,4.0,104.0,4.0,4.0,0.009615384973585606,3.0,0.987055242061615,0.0,0.0,0.0,0.1592702716588974,-27.390403747558594,,,1.1217991816403798,1.0
anchor_enabled_full__base__t1m__a1p00__c0p90,reproduce_baseline,base,full,1.0,0.9,30,15.643871176000175,none,0.0,0.0,0.0,1000000,100.0,-23.440786361694336,26.0,0.0,0.009999999776482582,0.45748257637023926,0.4636198878288269,0.4099999964237213,0.41999998688697815,0.6541750431060791,0.6616957187652588,4.0,104.0,4.0,4.0,0.16025641560554504,50.0,0.2898915410041809,0.0,0.0,0.0,4.900630474090576,-23.717134475708008,,,1.5405068965025026,1.0
anchor_enabled_full__base__t1m__a1p00__c0p90,reproduce_baseline,base,full,1.0,0.9,31,2.8570250229986414,none,0.0,0.0,0.0,1000000,100.0,-23.7913761138916,26.0,0.0,0.0,0.4971824884414673,0.49235987663269043,0.429999977350235,0.4599999785423279,0.7416707277297974,0.738690197467804,4.0,104.0,4.0,4.0,0.16346153616905212,51.0,0.27809852361679077,0.0,0.0,0.0,4.911491394042969,-22.59104347229004,,,1.39896610273772,1.0
anchor_enabled_full__base__t1m__a1p00__c0p90,reproduce_baseline,base,full,1.0,0.9,32,2.9093640169994615,none,0.0,0.0,0.0,1000000,100.0,-22.04273796081543,26.0,0.009999999776482582,0.0,0.48933374881744385,0.484544575214386,0.38999998569488525,0.4099999964237213,0.6846771836280823,0.6831930875778198,4.0,104.0,4.0,4.0,0.16346153616905212,51.0,0.2630960941314697,0.0,0.0,0.0,5.139693260192871,-23.98701286315918,,,2.1049297843416324,1.0
anchor_enabled_full__base__t1m__a1p00__c0p90,reproduce_baseline,base,full,1.0,0.9,33,3.0527927670009376,none,0.0,0.0,0.0,1000000,100.0,-23.586050033569336,26.0,0.0,0.0,0.5068419575691223,0.5040518045425415,0.35999998450279236,0.3700000047683716,0.7237139940261841,0.7167374491691589,4.0,104.0,4.0,4.0,0.16025641560554504,50.0,0.9763728380203247,0.0,0.0,0.0,4.976415634155273,-23.81865119934082,,,1.4818607572656504,1.0
anchor_enabled_full__base__t1m__a1p00__c0p90,reproduce_baseline,base,full,1.0,0.9,34,2.9094153240002925,none,0.0,0.0,0.0,1000000,100.0,-23.40771484375,26.0,0.0,0.0,0.5014768242835999,0.4995500445365906,0.3700000047683716,0.35999998450279236,0.710394561290741,0.7228183746337891,4.0,104.0,4.0,4.0,0.1666666716337204,52.0,0.7509782314300537,0.0,0.0,0.0,5.142849445343018,-23.52705192565918,,,1.5538585956651574,1.0
anchor_enabled_full__base__t1m__a1p00__c0p90,reproduce_baseline,base,full,1.0,0.9,35,3.0834856889996445,none,0.0,0.0,0.0,1000000,100.0,-23.212142944335938,26.0,0.0,0.0,0.47527143359184265,0.4829406142234802,0.3999999761581421,0.3499999940395355,0.6886714696884155,0.6949253082275391,4.0,104.0,4.0,4.0,0.15705128014087677,49.0,0.8180077075958252,0.0,0.0,0.0,4.861912727355957,-23.346200942993164,,,1.6328152728288905,1.0
anchor_enabled_full__base__t1m__a1p00__c0p90,reproduce_baseline,base,full,1.0,0.9,36,2.9528270800001337,none,0.0,0.0,0.0,1000000,100.0,-22.818927764892578,26.0,0.019999999552965164,0.009999999776482582,0.4619389474391937,0.4651199281215668,0.5699999928474426,0.5199999809265137,0.6695098876953125,0.6692164540290833,4.0,104.0,4.0,4.0,0.1666666716337204,52.0,1.0,0.0,0.0,0.0,5.143895149230957,-23.094871520996094,,,1.7915648890682685,1.0
anchor_enabled_full__base__t1m__a1p00__c0p90,reproduce_baseline,base,full,1.0,0.9,37,3.0237890959997458,none,0.0,0.0,0.0,1000000,100.0,-22.850072860717773,26.0,0.0,0.0,0.473630428314209,0.4859953820705414,0.5299999713897705,0.3999999761581421,0.6664405465126038,0.6823651194572449,4.0,104.0,4.0,4.0,0.16025641560554504,50.0,1.0,0.0,0.0,0.0,5.051619052886963,-23.783802032470703,,,1.7789909288844639,1.0
anchor_enabled_full__base__t1m__a1p00__c0p90,reproduce_baseline,base,full,1.0,0.9,38,3.0918488790011907,none,0.0,0.0,0.0,1000000,100.0,-22.335206985473633,26.0,0.019999999552965164,0.009999999776482582,0.4458952844142914,0.44628798961639404,0.47999998927116394,0.44999998807907104,0.6182389855384827,0.62251216173172,4.0,104.0,4.0,4.0,0.1666666716337204,52.0,0.8907642364501953,0.0,0.0,0.0,5.011813640594482,-22.76799964904785,,,1.986853606580334,1.0
anchor_enabled_full__base__t1m__a1p00__c0p90,reproduce_baseline,base,full,1.0,0.9,39,2.879376052000225,none,0.0,0.0,0.0,1000000,100.0,-23.81263542175293,26.0,0.0,0.0,0.48819345235824585,0.4849540889263153,0.3499999940395355,0.3499999940395355,0.70420241355896,0.6950371861457825,4.0,104.0,4.0,4.0,0.16987179219722748,53.0,0.8692868947982788,0.0,0.0,0.0,5.299549102783203,-22.383512496948242,,,1.3903832525810242,1.0
anchor_enabled_full__base__t1m__a1p00__c0p90,reproduce_baseline,base,full,1.0,0.9,40,2.854673198000455,none,0.0,0.0,0.0,1000000,100.0,-23.763662338256836,26.0,0.009999999776482582,0.009999999776482582,0.47988709807395935,0.48207664489746094,0.35999998450279236,0.3999999761581421,0.6807988882064819,0.6995917558670044,4.0,104.0,4.0,4.0,0.16346153616905212,51.0,0.3970257639884949,0.0,0.0,0.0,5.024979591369629,-23.657588958740234,,,1.4101547634928602,1.0
anchor_enabled_full__base__t1m__a1p00__c0p90,reproduce_baseline,base,full,1.0,0.9,41,2.921864533000189,none,0.0,0.0,0.0,1000000,100.0,-23.5860538482666,26.0,0.009999999776482582,0.009999999776482582,0.47920629382133484,0.4741700291633606,0.3400000035762787,0.35999998450279236,0.6699928045272827,0.6591878533363342,4.0,104.0,4.0,4.0,0.16025641560554504,50.0,0.818771243095398,0.0,0.0,0.0,5.306826591491699,-24.016050338745117,,,1.4818592171884644,1.0
anchor_enabled_full__base__t1m__a1p00__c0p90,reproduce_baseline,base,full,1.0,0.9,42,2.9996390270007396,none,0.0,0.0,0.0,1000000,100.0,-22.817245483398438,26.0,0.0,0.009999999776482582,0.4808795154094696,0.4821521043777466,0.44999998807907104,0.4399999976158142,0.6951160430908203,0.6863117814064026,4.0,104.0,4.0,4.0,0.1666666716337204,52.0,0.4477430284023285,0.0,0.0,0.0,5.243831157684326,-22.594501495361328,,,1.7922440631072247,1.0
anchor_enabled_full__base__t1m__a1p00__c0p90,reproduce_baseline,base,full,1.0,0.9,43,3.0580903770005534,none,0.0,0.0,0.0,1000000,100.0,-23.970853805541992,26.0,0.019999999552965164,0.0,0.5013406276702881,0.4967274069786072,0.38999998569488525,0.3499999940395355,0.7060614824295044,0.7152583003044128,4.0,104.0,4.0,4.0,0.16346153616905212,51.0,0.6744174957275391,0.0,0.0,0.0,4.951357364654541,-22.811687469482422,,,1.3265070112210533,1.0
anchor_enabled_full__base__t1m__a1p00__c0p90,reproduce_baseline,base,full,1.0,0.9,44,3.091866328000833,none,0.0,0.0,0.0,1000000,100.0,-22.863454818725586,26.0,0.0,0.0,0.49822765588760376,0.5068515539169312,0.4599999785423279,0.35999998450279236,0.7292160391807556,0.7258872985839844,4.0,104.0,4.0,4.0,0.16987179219722748,53.0,0.9216915965080261,0.0,0.0,0.0,5.31383752822876,-22.968820571899414,,,1.773588338116531,1.0
anchor_enabled_full__base__t1m__a1p00__c0p90,reproduce_baseline,base,full,1.0,0.9,45,3.1041450049997366,none,0.0,0.0,0.0,1000000,100.0,-24.43140983581543,26.0,0.0,0.0,0.5073342323303223,0.5075442790985107,0.35999998450279236,0.3799999952316284,0.7523608207702637,0.7536912560462952,4.0,104.0,4.0,4.0,0.16987179219722748,53.0,0.4468996822834015,0.0,0.0,0.0,4.974357604980469,-23.479928970336914,,,1.1405704124200116,1.0
anchor_enabled_full__base__t1m__a1p00__c0p90,reproduce_baseline,base,full,1.0,0.9,46,3.025938404000044,none,0.0,0.0,0.0,1000000,100.0,-24.529375076293945,26.0,0.0,0.0,0.5479350090026855,0.5470108985900879,0.29999998211860657,0.28999999165534973,0.7903794646263123,0.7840225696563721,4.0,104.0,4.0,4.0,0.16346153616905212,51.0,0.8302177786827087,0.0,0.0,0.0,5.239222049713135,-23.435577392578125,,,1.1010196902104104,1.0
anchor_enabled_full__base__t1m__a1p00__c0p90,reproduce_baseline,base,full,1.0,0.9,47,3.0751624929998798,none,0.0,0.0,0.0,1000000,100.0,-22.363676071166992,26.0,0.0,0.0,0.49284130334854126,0.4933837056159973,0.38999998569488525,0.3400000035762787,0.7077970504760742,0.7046672701835632,4.0,104.0,4.0,4.0,0.1666666716337204,52.0,0.18309353291988373,0.0,0.0,0.0,5.063924789428711,-23.670270919799805,,,1.9753600105423974,1.0
anchor_enabled_full__base__t1m__a1p00__c0p90,reproduce_baseline,base,full,1.0,0.9,48,3.0574209019996488,none,0.0,0.0,0.0,1000000,100.0,-23.71970558166504,26.0,0.0,0.0,0.4984837770462036,0.5004632472991943,0.4699999988079071,0.35999998450279236,0.7469387054443359,0.7411766648292542,4.0,104.0,4.0,4.0,0.1666666716337204,52.0,0.6453962922096252,0.0,0.0,0.0,4.883955001831055,-24.03069496154785,,,1.427901072905314,1.0
anchor_enabled_full__base__t1m__a1p00__c0p90,reproduce_baseline,base,full,1.0,0.9,49,2.852965469999617,none,0.0,0.0,0.0,1000000,100.0,-23.171142578125,26.0,0.009999999776482582,0.0,0.47836166620254517,0.48396778106689453,0.3999999761581421,0.3700000047683716,0.688575029373169,0.6933533549308777,4.0,104.0,4.0,4.0,0.16987179219722748,53.0,0.5831027030944824,0.0,0.0,0.0,5.214379787445068,-22.16855812072754,,,1.649368022422317,1.0
anchor_enabled_full__base__t1m__a1p00__c0p90,reproduce_baseline,base,full,1.0,0.9,50,3.05900782199933,none,0.0,0.0,0.0,1000000,100.0,-23.490230560302734,26.0,0.0,0.0,0.4973474144935608,0.49423786997795105,0.32999998331069946,0.35999998450279236,0.7001128196716309,0.6927269697189331,4.0,104.0,4.0,4.0,0.16987179219722748,53.0,1.0,0.0,0.0,0.0,5.174790859222412,-22.41634750366211,,,1.5205451860582153,1.0
anchor_enabled_full__base__t1m__a1p00__c0p90,reproduce_baseline,base,full,1.0,0.9,51,2.8370762939994165,none,0.0,0.0,0.0,1000000,100.0,-23.916351318359375,26.0,0.0,0.009999999776482582,0.4853127896785736,0.48987019062042236,0.3499999940395355,0.38999998569488525,0.6894575357437134,0.7027035355567932,4.0,104.0,4.0,4.0,0.16025641560554504,50.0,0.8180052638053894,0.0,0.0,0.0,4.9934186935424805,-23.407573699951172,,,1.3485108640137666,1.0
anchor_enabled_full__base__t1m__a1p00__c0p90,reproduce_baseline,base,full,1.0,0.9,52,2.9464546729996073,none,0.0,0.0,0.0,1000000,100.0,-22.671039581298828,26.0,0.0,0.0,0.4801501929759979,0.4762340188026428,0.2800000011920929,0.32999998331069946,0.668787956237793,0.6634348630905151,4.0,104.0,4.0,4.0,0.16025641560554504,50.0,0.3836504817008972,0.0,0.0,0.0,5.1899824142456055,-23.597665786743164,,,1.85127060140898,1.0
anchor_enabled_full__base__t1m__a1p00__c0p90,reproduce_baseline,base,full,1.0,0.9,53,2.9952798499998607,none,0.0,0.0,0.0,1000000,100.0,-23.422574996948242,26.0,0.0,0.0,0.5061712861061096,0.5034770965576172,0.3700000047683716,0.32999998331069946,0.7302622199058533,0.7265628576278687,4.0,104.0,4.0,4.0,0.1666666716337204,52.0,0.6666202545166016,0.0,0.0,0.0,5.625761032104492,-23.602922439575195,,,1.547859224987711,1.0
anchor_enabled_full__base__t1m__a1p00__c0p90,reproduce_baseline,base,full,1.0,0.9,54,2.968907644000865,none,0.0,0.0,0.0,1000000,100.0,-23.062110900878906,26.0,0.0,0.0,0.5084505081176758,0.5049450397491455,0.3199999928474426,0.3999999761581421,0.720231294631958,0.7203845977783203,4.0,104.0,4.0,4.0,0.16987179219722748,53.0,0.4690901041030884,0.0,0.0,0.0,5.308521270751953,-22.62055206298828,,,1.693386508548045,1.0
anchor_enabled_full__base__t1m__a1p00__c0p90,reproduce_baseline,base,full,1.0,0.9,55,3.118344537999292,none,0.0,0.0,0.0,1000000,100.0,-22.798078536987305,26.0,0.0,0.0,0.4862651526927948,0.4867797791957855,0.3499999940395355,0.4099999964237213,0.6876629590988159,0.690283477306366,4.0,104.0,4.0,4.0,0.16346153616905212,51.0,0.44064462184906006,0.0,0.0,0.0,5.178408145904541,-23.416791915893555,,,1.7999821809274863,1.0
anchor_enabled_full__base__t1m__a1p00__c0p90,reproduce_baseline,base,full,1.0,0.9,56,3.1133399579994148,none,0.0,0.0,0.0,1000000,100.0,-23.63953971862793,26.0,0.0,0.0,0.4729818105697632,0.46896427869796753,0.47999998927116394,0.4399999976158142,0.673224151134491,0.6722065806388855,4.0,104.0,4.0,4.0,0.16987179219722748,53.0,0.7929903268814087,0.0,0.0,0.0,5.324942588806152,-22.792253494262695,,,1.4602657949657778,1.0
anchor_enabled_full__base__t1m__a1p00__c0p90,reproduce_baseline,base,full,1.0,0.9,57,3.0734519729994645,none,0.0,0.0,0.0,1000000,100.0,-22.171621322631836,26.0,0.009999999776482582,0.009999999776482582,0.4642859697341919,0.4629860520362854,0.5099999904632568,0.5399999618530273,0.696462094783783,0.6928406953811646,4.0,104.0,4.0,4.0,0.16025641560554504,50.0,0.683053731918335,0.0,0.0,0.0,5.0494794845581055,-23.450620651245117,,,2.0528967365407844,1.0
anchor_enabled_full__base__t1m__a1p00__c0p90,reproduce_baseline,base,full,1.0,0.9,58,3.074328610999146,none,0.0,0.0,0.0,1000000,100.0,-23.902395248413086,26.0,0.0,0.0,0.4911980628967285,0.4863365888595581,0.23999999463558197,0.3499999940395355,0.7149953842163086,0.7020790576934814,4.0,104.0,4.0,4.0,0.16025641560554504,50.0,0.7038916945457458,0.0,0.0,0.0,5.1050825119018555,-22.9368839263916,,,1.3541452363981685,1.0
anchor_enabled_full__base__t1m__a1p00__c0p90,reproduce_baseline,base,full,1.0,0.9,59,2.846564776999003,none,0.0,0.0,0.0,1000000,100.0,-23.03106689453125,26.0,0.0,0.0,0.49810850620269775,0.5027904510498047,0.3700000047683716,0.3499999940395355,0.7130040526390076,0.7211248874664307,4.0,104.0,4.0,4.0,0.1538461595773697,48.0,0.3639387786388397,0.0,0.0,0.0,4.832109451293945,-23.2542781829834,,,1.705919656686425,1.0
anchor_enabled_full__base__t1m__a1p00__c0p90,reproduce_baseline,base,full,1.0,0.9,60,2.9936818390015105,none,0.0,0.0,0.0,1000000,100.0,-22.988290786743164,26.0,0.009999999776482582,0.0,0.47286176681518555,0.47597378492355347,0.44999998807907104,0.5099999904632568,0.6945940256118774,0.6964503526687622,4.0,104.0,4.0,4.0,0.15705128014087677,49.0,0.47200560569763184,0.0,0.0,0.0,5.088783264160156,-23.04310417175293,,,1.723189312209861,1.0
anchor_enabled_full__base__t1m__a1p00__c0p90,reproduce_baseline,base,full,1.0,0.9,61,2.876595733998329,none,0.0,0.0,0.0,1000000,100.0,-22.881698608398438,26.0,0.0,0.009999999776482582,0.4661308228969574,0.4611254334449768,0.41999998688697815,0.4399999976158142,0.6500663757324219,0.6487562656402588,4.0,104.0,4.0,4.0,0.16346153616905212,51.0,0.2552151679992676,0.0,0.0,0.0,5.245294570922852,-23.75782585144043,,,1.766222918975243,1.0
